"p","K","rho_across","Method","Metric","Median","Q25","Q75"
5,2,0,"Sample Cov. Inverse","mse",0.0094060752163668,0.00444803252178441,0.0179641565803612
5,2,0,"Sample Cov. Inverse","log_score",-0.708949483282268,-1.01408085054305,-0.596764015344974
5,2,0,"Inverse-Wishart","mse",0.0207388628525549,0.0155614828892002,0.0279162864013024
5,2,0,"Inverse-Wishart","log_score",-0.705674927602695,-1.01382323211017,-0.581392888657848
5,2,0,"Bayesian GL","mse",0.0177793218575403,0.0135182480260284,0.0242319268184991
5,2,0,"Bayesian GL","log_score",-0.704548968231034,-0.971802513984654,-0.647751964494282
5,2,0,"Adaptive Bayesian GL","mse",0.0117611830272356,0.00903039020613869,0.0151504857542058
5,2,0,"Adaptive Bayesian GL","log_score",-0.670167612522581,-1.03164847675525,-0.561709601417585
5,2,0,"Bayesian FGL","mse",0.0202347379270909,0.015204426997738,0.026878009489866
5,2,0,"Bayesian FGL","log_score",-0.692632549497791,-1.02358847754215,-0.582748836511711
10,2,0,"Sample Cov. Inverse","mse",0.0182629090426517,0.00667711618207844,0.0222460403704895
10,2,0,"Sample Cov. Inverse","log_score",-0.709575864635326,-1.09431259528351,-0.574858135680062
10,2,0,"Inverse-Wishart","mse",0.0307829791281799,0.021728405322882,0.0330495716957521
10,2,0,"Inverse-Wishart","log_score",-0.736165935639565,-1.14665235791842,-0.555132382721793
10,2,0,"Bayesian GL","mse",0.0208635376860263,0.0170728400547102,0.0276010258117668
10,2,0,"Bayesian GL","log_score",-0.825810504345697,-1.1952508211547,-0.483435106199578
10,2,0,"Adaptive Bayesian GL","mse",0.0163099664059083,0.0125597368765801,0.0208209466849947
10,2,0,"Adaptive Bayesian GL","log_score",-0.683585291810948,-1.31211944827567,-0.552519387091397
10,2,0,"Bayesian FGL","mse",0.0250789188206623,0.0183494258261474,0.0298406626305063
10,2,0,"Bayesian FGL","log_score",-0.735677682739566,-1.16330364917558,-0.562384557943833
20,2,0,"Sample Cov. Inverse","mse",0.0245643665613412,0.0206411552382041,0.0284573664091802
20,2,0,"Sample Cov. Inverse","log_score",-0.787743083223802,-1.22337363972562,-0.449961385299563
20,2,0,"Inverse-Wishart","mse",0.0349471235768016,0.031908757003928,0.0409988228968439
20,2,0,"Inverse-Wishart","log_score",-0.787933760568996,-1.22101135889353,-0.454403366634765
20,2,0,"Bayesian GL","mse",0.0230589783604475,0.0211190992246168,0.0244515418796284
20,2,0,"Bayesian GL","log_score",-0.749759247917964,-1.07929321469338,-0.506434720015599
20,2,0,"Adaptive Bayesian GL","mse",0.0192742003737791,0.0174464443104144,0.020459422412241
20,2,0,"Adaptive Bayesian GL","log_score",-0.673432419192764,-1.2094769014159,-0.506096297765662
20,2,0,"Bayesian FGL","mse",0.0239841625651694,0.0217689270918517,0.0267023926316429
20,2,0,"Bayesian FGL","log_score",-0.687492138917077,-1.09815757712203,-0.489823015344899
30,2,0,"Sample Cov. Inverse","mse",0.0284420375310219,0.0231906435104286,0.0306588609909944
30,2,0,"Sample Cov. Inverse","log_score",-0.71101968860958,-1.53105280479551,-0.459287855146292
30,2,0,"Inverse-Wishart","mse",0.0378466492149514,0.0324341421738713,0.0402769211123478
30,2,0,"Inverse-Wishart","log_score",-0.750816995097,-1.45901347684939,-0.473442073641798
30,2,0,"Bayesian GL","mse",0.0190966516897459,0.016409782735816,0.0209500129207548
30,2,0,"Bayesian GL","log_score",-0.692795347778303,-2.00262106400515,-0.527948937098822
30,2,0,"Adaptive Bayesian GL","mse",0.0153842299936014,0.0138852790220882,0.0182287519745844
30,2,0,"Adaptive Bayesian GL","log_score",-0.656322174213077,-1.89121455666271,-0.492968383728358
30,2,0,"Bayesian FGL","mse",0.0197994655988021,0.0183735701181502,0.022059072251342
30,2,0,"Bayesian FGL","log_score",-0.656543776661624,-1.93410779014758,-0.508178686892606
50,2,0,"Sample Cov. Inverse","mse",0.0394917099306701,0.0323383472440565,0.0423170339075517
50,2,0,"Sample Cov. Inverse","log_score",-0.539604854599764,-1.99996820710612,-0.272101788836512
50,2,0,"Inverse-Wishart","mse",0.0395197282802921,0.0355305848947048,0.0447129563324217
50,2,0,"Inverse-Wishart","log_score",-0.582194961636708,-1.37667427153812,-0.390884229175288
50,2,0,"Bayesian GL","mse",0.0132706475055074,0.011274984969399,0.0145373058637855
50,2,0,"Bayesian GL","log_score",-0.678390332165722,-1.01221073831919,-0.510250648089488
50,2,0,"Adaptive Bayesian GL","mse",0.0118199730735916,0.0103103570702131,0.013150859714685
50,2,0,"Adaptive Bayesian GL","log_score",-0.720390633872095,-1.02783003013037,-0.612165602707862
50,2,0,"Bayesian FGL","mse",0.0136569715303483,0.0114876549395265,0.0152608639472588
50,2,0,"Bayesian FGL","log_score",-0.702255841784475,-1.00436879722005,-0.510581763840265
5,2,0.1,"Sample Cov. Inverse","mse",0.0149891159836696,0.00793788376042046,0.0232290638033517
5,2,0.1,"Sample Cov. Inverse","log_score",-0.982181808652321,-1.53433016862166,-0.742359561710854
5,2,0.1,"Inverse-Wishart","mse",0.0258475620592621,0.0219039095439616,0.0334783919929197
5,2,0.1,"Inverse-Wishart","log_score",-0.97960212920468,-1.57120903733908,-0.740098615250119
5,2,0.1,"Bayesian GL","mse",0.0202651491714338,0.0175863598554641,0.0269053929790637
5,2,0.1,"Bayesian GL","log_score",-0.947838470919969,-1.55336825028864,-0.793815304540166
5,2,0.1,"Adaptive Bayesian GL","mse",0.0135127958827472,0.0110742251605105,0.0173773743193118
5,2,0.1,"Adaptive Bayesian GL","log_score",-1.00864115628578,-1.6602174672269,-0.68131253288981
5,2,0.1,"Bayesian FGL","mse",0.0228313700516361,0.0198053437409994,0.0293981899476072
5,2,0.1,"Bayesian FGL","log_score",-0.974343134395873,-1.60075599508229,-0.74393909893972
10,2,0.1,"Sample Cov. Inverse","mse",0.0191901828705556,0.00772160708970225,0.023087601077145
10,2,0.1,"Sample Cov. Inverse","log_score",-0.740450028406889,-1.18486562731002,-0.609773004770049
10,2,0.1,"Inverse-Wishart","mse",0.0320086587964993,0.023542820365104,0.0372510253354833
10,2,0.1,"Inverse-Wishart","log_score",-0.766600079734014,-1.22357190874983,-0.581478121317549
10,2,0.1,"Bayesian GL","mse",0.0237494163848275,0.0191450910453113,0.0280828880569747
10,2,0.1,"Bayesian GL","log_score",-0.748685366045081,-1.2630534012333,-0.569401518320793
10,2,0.1,"Adaptive Bayesian GL","mse",0.0180413882506858,0.0138334562794513,0.0255817540181958
10,2,0.1,"Adaptive Bayesian GL","log_score",-0.694571409077013,-1.30254671863471,-0.574001938166084
10,2,0.1,"Bayesian FGL","mse",0.0271894736965074,0.0208987199037506,0.0347433818527093
10,2,0.1,"Bayesian FGL","log_score",-0.78162411023304,-1.22680251654487,-0.556857191556847
20,2,0.1,"Sample Cov. Inverse","mse",0.0231887970823973,0.016894523600537,0.0307666536805331
20,2,0.1,"Sample Cov. Inverse","log_score",-0.94672048326292,-1.46297745894726,-0.692172543106671
20,2,0.1,"Inverse-Wishart","mse",0.0355763524727561,0.0302499004334836,0.0391909128841533
20,2,0.1,"Inverse-Wishart","log_score",-0.995680504589763,-1.40728435535534,-0.699760652002553
20,2,0.1,"Bayesian GL","mse",0.0236741210283254,0.0207549391758139,0.0270792115637217
20,2,0.1,"Bayesian GL","log_score",-0.959170268878879,-1.36818568816374,-0.707876150862321
20,2,0.1,"Adaptive Bayesian GL","mse",0.0186892428597029,0.0154602818738811,0.023216622318397
20,2,0.1,"Adaptive Bayesian GL","log_score",-0.865147409393767,-1.42471411756416,-0.706431070954967
20,2,0.1,"Bayesian FGL","mse",0.0238232603656782,0.021369742435198,0.0271966302118941
20,2,0.1,"Bayesian FGL","log_score",-0.891937612103131,-1.29543952621878,-0.689422775796249
30,2,0.1,"Sample Cov. Inverse","mse",0.0292248947963889,0.023454438289543,0.0378946662383567
30,2,0.1,"Sample Cov. Inverse","log_score",-0.809912288306445,-1.84623317880536,-0.397985154402221
30,2,0.1,"Inverse-Wishart","mse",0.0385706833184087,0.035334825495897,0.045254459135023
30,2,0.1,"Inverse-Wishart","log_score",-0.74834772145432,-1.56336161806769,-0.464506449674054
30,2,0.1,"Bayesian GL","mse",0.0199870535198538,0.0185988781242349,0.0223289714065001
30,2,0.1,"Bayesian GL","log_score",-0.683089669219392,-1.08568133117377,-0.42711507912581
30,2,0.1,"Adaptive Bayesian GL","mse",0.0168768593064834,0.0156784441216757,0.0184052031013635
30,2,0.1,"Adaptive Bayesian GL","log_score",-0.649628724928829,-1.12029561539831,-0.483518489996769
30,2,0.1,"Bayesian FGL","mse",0.0208470661756841,0.0188559232383712,0.0223753455434225
30,2,0.1,"Bayesian FGL","log_score",-0.615624213908066,-1.19448210751171,-0.453713953432476
50,2,0.1,"Sample Cov. Inverse","mse",0.0447107897897327,0.0367184578386933,0.0517549192547438
50,2,0.1,"Sample Cov. Inverse","log_score",-1.08020105145952,-3.58007882332011,-0.393535545463414
50,2,0.1,"Inverse-Wishart","mse",0.0451282640162923,0.0395790040884423,0.0506333916706519
50,2,0.1,"Inverse-Wishart","log_score",-1.08301009499193,-3.00177209275155,-0.450226275095569
50,2,0.1,"Bayesian GL","mse",0.0137802675290172,0.0124373254006041,0.0152114786473665
50,2,0.1,"Bayesian GL","log_score",-0.650374061581627,-1.61108960226211,-0.460674689110998
50,2,0.1,"Adaptive Bayesian GL","mse",0.012649789151261,0.0118120597060959,0.0131438882352302
50,2,0.1,"Adaptive Bayesian GL","log_score",-0.625865111509984,-1.19615117579849,-0.451633997841444
50,2,0.1,"Bayesian FGL","mse",0.0143342402522034,0.0136486635797238,0.0157967495601854
50,2,0.1,"Bayesian FGL","log_score",-0.66709140372061,-1.54823571093618,-0.444303784982463
5,2,0.3,"Sample Cov. Inverse","mse",0.0127113577815592,0.00652100088627955,0.0307162593857005
5,2,0.3,"Sample Cov. Inverse","log_score",-0.994144560981217,-1.74868639871931,-0.855180367486223
5,2,0.3,"Inverse-Wishart","mse",0.0275515207992587,0.0231353023681015,0.0436894584268363
5,2,0.3,"Inverse-Wishart","log_score",-0.970162779914641,-1.77857520720245,-0.842935232245207
5,2,0.3,"Bayesian GL","mse",0.0229070573366726,0.0170372960470495,0.0333247017618923
5,2,0.3,"Bayesian GL","log_score",-0.971896117212646,-1.77661804163491,-0.81710844477899
5,2,0.3,"Adaptive Bayesian GL","mse",0.0209653120463043,0.0143012616177824,0.029931912549014
5,2,0.3,"Adaptive Bayesian GL","log_score",-0.941275843491197,-1.80897834293582,-0.765814032755894
5,2,0.3,"Bayesian FGL","mse",0.0258769044465123,0.020469320809547,0.0355036027817746
5,2,0.3,"Bayesian FGL","log_score",-0.959324901072516,-1.78511392557194,-0.833888040291843
10,2,0.3,"Sample Cov. Inverse","mse",0.0190059815278105,0.0116558094847948,0.0298029173924
10,2,0.3,"Sample Cov. Inverse","log_score",-0.90152482873225,-1.34995202030368,-0.636482405511355
10,2,0.3,"Inverse-Wishart","mse",0.0364862042482092,0.0285600571869129,0.0462255705298358
10,2,0.3,"Inverse-Wishart","log_score",-0.894650629292736,-1.39843697233486,-0.622505793022093
10,2,0.3,"Bayesian GL","mse",0.0287501727636443,0.0233949057527267,0.0339005261977611
10,2,0.3,"Bayesian GL","log_score",-0.883814192365143,-1.37628070956062,-0.6260074640113
10,2,0.3,"Adaptive Bayesian GL","mse",0.0296250668960565,0.0192070163584186,0.0344113096193311
10,2,0.3,"Adaptive Bayesian GL","log_score",-0.848284366637711,-1.47261464801309,-0.606703901760133
10,2,0.3,"Bayesian FGL","mse",0.0316080890725063,0.0262770737232108,0.0396856914542915
10,2,0.3,"Bayesian FGL","log_score",-0.896769247604768,-1.40254900365749,-0.6144606857132
20,2,0.3,"Sample Cov. Inverse","mse",0.0298031096581252,0.0259954077862188,0.0342122081001588
20,2,0.3,"Sample Cov. Inverse","log_score",-1.18451966824137,-1.84765055136304,-0.714827663550224
20,2,0.3,"Inverse-Wishart","mse",0.044074033752404,0.0401301120407301,0.0496715623158121
20,2,0.3,"Inverse-Wishart","log_score",-1.1544151261758,-1.87411611564199,-0.721611282405014
20,2,0.3,"Bayesian GL","mse",0.0287919893445383,0.0273525830567231,0.0331228184139946
20,2,0.3,"Bayesian GL","log_score",-1.15686660458347,-1.74626660769016,-0.66830889635297
20,2,0.3,"Adaptive Bayesian GL","mse",0.024787531200112,0.0232132693364758,0.0277584681565424
20,2,0.3,"Adaptive Bayesian GL","log_score",-1.23191382786405,-1.83530365998139,-0.622473736778143
20,2,0.3,"Bayesian FGL","mse",0.0293518733654605,0.0275817833297958,0.0325189712479541
20,2,0.3,"Bayesian FGL","log_score",-1.08900895930962,-1.79027359591489,-0.638973330875262
30,2,0.3,"Sample Cov. Inverse","mse",0.0360502648212391,0.0309761166245984,0.0456685045450705
30,2,0.3,"Sample Cov. Inverse","log_score",-0.798372356566165,-1.88799997140588,-0.579824052134278
30,2,0.3,"Inverse-Wishart","mse",0.0491966571704873,0.0407794890796339,0.0602111408325798
30,2,0.3,"Inverse-Wishart","log_score",-0.830069815552887,-1.67046919428462,-0.59731705462607
30,2,0.3,"Bayesian GL","mse",0.0266583487898858,0.0222799851265838,0.0297812884989777
30,2,0.3,"Bayesian GL","log_score",-0.971118415003181,-1.36263381885291,-0.707902452320277
30,2,0.3,"Adaptive Bayesian GL","mse",0.0229956635139626,0.0199169595622236,0.0246900952776919
30,2,0.3,"Adaptive Bayesian GL","log_score",-0.8730762188274,-1.38532096900866,-0.63448372431506
30,2,0.3,"Bayesian FGL","mse",0.0269113628301063,0.0220436820456872,0.0285729623240216
30,2,0.3,"Bayesian FGL","log_score",-0.957972367295006,-1.41532591672562,-0.666543871848519
50,2,0.3,"Sample Cov. Inverse","mse",0.0521238408049868,0.0424367697309245,0.0597931522113102
50,2,0.3,"Sample Cov. Inverse","log_score",-1.52450437360229,-2.96614541890532,-0.566919700476709
50,2,0.3,"Inverse-Wishart","mse",0.052266546171872,0.0472889327156948,0.0586713753707162
50,2,0.3,"Inverse-Wishart","log_score",-1.39915984318573,-2.44489087737198,-0.572701186804559
50,2,0.3,"Bayesian GL","mse",0.0161709495656852,0.015254379249082,0.0186230610545135
50,2,0.3,"Bayesian GL","log_score",-0.759840275814434,-1.42042792468374,-0.456629838389462
50,2,0.3,"Adaptive Bayesian GL","mse",0.0153817982220496,0.0138166704505743,0.015873370006826
50,2,0.3,"Adaptive Bayesian GL","log_score",-0.688902312232042,-0.988808656563523,-0.4493153210099
50,2,0.3,"Bayesian FGL","mse",0.0173893212690057,0.0157452111300672,0.0182929567851194
50,2,0.3,"Bayesian FGL","log_score",-0.751300144955293,-1.33226171708495,-0.460823201257181
5,3,0,"Sample Cov. Inverse","mse",0.00437224429862897,0.0022793007027899,0.00894067331067521
5,3,0,"Sample Cov. Inverse","log_score",-0.563095852565929,-0.757187513436543,-0.328240547911599
5,3,0,"Inverse-Wishart","mse",0.0108439093551454,0.00844469668557544,0.0149834018017022
5,3,0,"Inverse-Wishart","log_score",-0.553100190565832,-0.7608462076779,-0.331847965837474
5,3,0,"Bayesian GL","mse",0.0083805897879802,0.00654008311281871,0.00996407460790774
5,3,0,"Bayesian GL","log_score",-0.526069265928466,-0.757741190288445,-0.370637965388018
5,3,0,"Adaptive Bayesian GL","mse",0.00542972618155704,0.00411160172697016,0.00784067189493936
5,3,0,"Adaptive Bayesian GL","log_score",-0.566529765469472,-0.703071253812776,-0.348521829654457
5,3,0,"Bayesian FGL","mse",0.0100336819646707,0.00800764921617261,0.0137194058718454
5,3,0,"Bayesian FGL","log_score",-0.561091941765858,-0.773921206840508,-0.348207426701466
10,3,0,"Sample Cov. Inverse","mse",0.0113042820132739,0.00894832417646796,0.0180563191765886
10,3,0,"Sample Cov. Inverse","log_score",-0.465253101565648,-0.610963783310294,-0.322454941284402
10,3,0,"Inverse-Wishart","mse",0.0199673772089282,0.0174397031263709,0.0246416165651327
10,3,0,"Inverse-Wishart","log_score",-0.465040803821166,-0.59620764603248,-0.304407398442569
10,3,0,"Bayesian GL","mse",0.0151890237120619,0.0134063277513937,0.0178632896159009
10,3,0,"Bayesian GL","log_score",-0.480016236717686,-0.657931335204073,-0.358269806318871
10,3,0,"Adaptive Bayesian GL","mse",0.00892211967713978,0.00773661419613816,0.0108902072799142
10,3,0,"Adaptive Bayesian GL","log_score",-0.438882419712676,-0.58765010380468,-0.288069693135257
10,3,0,"Bayesian FGL","mse",0.0175015617820083,0.0146574643634081,0.018612917635104
10,3,0,"Bayesian FGL","log_score",-0.479019153194413,-0.544713243399525,-0.329493798092551
20,3,0,"Sample Cov. Inverse","mse",0.0163248471204451,0.0129082103327842,0.0202496656077217
20,3,0,"Sample Cov. Inverse","log_score",-0.703383023252959,-1.6328921990574,-0.338755808791034
20,3,0,"Inverse-Wishart","mse",0.0238753433802616,0.0210793163183575,0.0266613516932824
20,3,0,"Inverse-Wishart","log_score",-0.690149366301617,-1.44445581514439,-0.357633181477327
20,3,0,"Bayesian GL","mse",0.0151508688564531,0.0139401216453317,0.0166442679039634
20,3,0,"Bayesian GL","log_score",-0.667782849729959,-1.50398519232387,-0.296942712812068
20,3,0,"Adaptive Bayesian GL","mse",0.00984136474872351,0.00945555370094486,0.0115011067200406
20,3,0,"Adaptive Bayesian GL","log_score",-0.530335136679783,-1.18003172297032,-0.350578475734589
20,3,0,"Bayesian FGL","mse",0.0153926419730814,0.0141802820044174,0.0165945937847493
20,3,0,"Bayesian FGL","log_score",-0.695825603468405,-1.26449116945943,-0.336072759303297
30,3,0,"Sample Cov. Inverse","mse",0.0186021424308851,0.0141996338140984,0.022908837009239
30,3,0,"Sample Cov. Inverse","log_score",-0.783347705601081,-1.47876792458536,-0.374244203510517
30,3,0,"Inverse-Wishart","mse",0.0243152067953914,0.0225427728388071,0.0302371090001084
30,3,0,"Inverse-Wishart","log_score",-0.765512071842383,-1.345731691377,-0.433134308937259
30,3,0,"Bayesian GL","mse",0.0127281708818959,0.0113329326623713,0.0144335418610515
30,3,0,"Bayesian GL","log_score",-0.820331799968697,-1.24391247262019,-0.553981293668171
30,3,0,"Adaptive Bayesian GL","mse",0.00989375777300045,0.00942672266926334,0.0109624187037709
30,3,0,"Adaptive Bayesian GL","log_score",-0.70438662047461,-1.24167523086063,-0.508639655114135
30,3,0,"Bayesian FGL","mse",0.0134641268056586,0.0117439166354349,0.0146515653993885
30,3,0,"Bayesian FGL","log_score",-0.692155201527952,-1.3292536838139,-0.454849194009843
50,3,0,"Sample Cov. Inverse","mse",0.0240468834712563,0.0202795215017986,0.0299164818807098
50,3,0,"Sample Cov. Inverse","log_score",-0.641104568260904,-1.53148144863762,-0.0719852675514408
50,3,0,"Inverse-Wishart","mse",0.025714755418822,0.0218078919813729,0.0286421991409849
50,3,0,"Inverse-Wishart","log_score",-0.631318521949525,-1.09893043373582,-0.149151606272739
50,3,0,"Bayesian GL","mse",0.00840713352558209,0.00736257101248857,0.00974498722839189
50,3,0,"Bayesian GL","log_score",-0.394003852520873,-0.902256119907373,-0.110142980103723
50,3,0,"Adaptive Bayesian GL","mse",0.00704779513147546,0.00605829758378395,0.00799338228710201
50,3,0,"Adaptive Bayesian GL","log_score",-0.407931226851997,-0.815339710969121,-0.219442054510114
50,3,0,"Bayesian FGL","mse",0.00892734703149953,0.00764962322440909,0.00984691005470104
50,3,0,"Bayesian FGL","log_score",-0.403261836020956,-0.969335043879845,-0.0918270497100613
5,3,0.1,"Sample Cov. Inverse","mse",0.0108300227479166,0.00541641240910841,0.0158255892739612
5,3,0.1,"Sample Cov. Inverse","log_score",-1.12262319999261,-1.62575509710548,-0.66032257972242
5,3,0.1,"Inverse-Wishart","mse",0.0169533229538652,0.0115787665491246,0.021552838826866
5,3,0.1,"Inverse-Wishart","log_score",-1.13332887433227,-1.6520439099768,-0.649110508730031
5,3,0.1,"Bayesian GL","mse",0.0116459422290336,0.00793103399611683,0.014770963175955
5,3,0.1,"Bayesian GL","log_score",-0.967168693528094,-1.67152217065683,-0.587829886293034
5,3,0.1,"Adaptive Bayesian GL","mse",0.00631569421475473,0.00444518489212744,0.00875058894348101
5,3,0.1,"Adaptive Bayesian GL","log_score",-1.03238397185965,-1.95084916094695,-0.514209529564074
5,3,0.1,"Bayesian FGL","mse",0.014371170706972,0.0111540956004996,0.0187783076104551
5,3,0.1,"Bayesian FGL","log_score",-1.07422955525283,-1.64351506265767,-0.631839296748046
10,3,0.1,"Sample Cov. Inverse","mse",0.0120365850625519,0.0082694389770799,0.016196985160915
10,3,0.1,"Sample Cov. Inverse","log_score",-0.629493940293236,-0.917776286070451,-0.380972578450459
10,3,0.1,"Inverse-Wishart","mse",0.0216779666054507,0.0176291926515549,0.025671607549871
10,3,0.1,"Inverse-Wishart","log_score",-0.61219599425907,-0.942621691397305,-0.355689805790328
10,3,0.1,"Bayesian GL","mse",0.016493084053213,0.0137842459277132,0.0194012438845734
10,3,0.1,"Bayesian GL","log_score",-0.506536647241793,-1.01636709770417,-0.454535132157114
10,3,0.1,"Adaptive Bayesian GL","mse",0.00951010378943733,0.00743093438656843,0.0121693045522386
10,3,0.1,"Adaptive Bayesian GL","log_score",-0.565780974800811,-0.972705414769823,-0.360393908124823
10,3,0.1,"Bayesian FGL","mse",0.0168758766313854,0.0154946544617861,0.0216555688704847
10,3,0.1,"Bayesian FGL","log_score",-0.612149145473961,-0.98654904161821,-0.370870860274807
20,3,0.1,"Sample Cov. Inverse","mse",0.0193057031514933,0.015837691888913,0.0228607368693748
20,3,0.1,"Sample Cov. Inverse","log_score",-1.12914818323948,-1.86346874461316,-0.39092249549242
20,3,0.1,"Inverse-Wishart","mse",0.028133081291858,0.024203573951317,0.0306960767202938
20,3,0.1,"Inverse-Wishart","log_score",-1.07291872376809,-1.89838645443362,-0.419847628895029
20,3,0.1,"Bayesian GL","mse",0.0185861942963654,0.0165354952316999,0.0211132749422049
20,3,0.1,"Bayesian GL","log_score",-0.951019238816714,-1.56759344824261,-0.409268535019474
20,3,0.1,"Adaptive Bayesian GL","mse",0.0125140109820429,0.0107705514349053,0.0151422960739653
20,3,0.1,"Adaptive Bayesian GL","log_score",-0.925275283600351,-1.73586586502888,-0.489845370415435
20,3,0.1,"Bayesian FGL","mse",0.0174569824358973,0.0165123489518586,0.0213393009774638
20,3,0.1,"Bayesian FGL","log_score",-1.02159393245502,-1.6447211573853,-0.374286751402674
30,3,0.1,"Sample Cov. Inverse","mse",0.0222810073620878,0.0175360920277014,0.0320860002180757
30,3,0.1,"Sample Cov. Inverse","log_score",-0.806614275393665,-1.41389291784524,-0.305757420054481
30,3,0.1,"Inverse-Wishart","mse",0.0296402659542056,0.0254028055266728,0.0390919663690954
30,3,0.1,"Inverse-Wishart","log_score",-0.749269015077672,-1.47719862700086,-0.358567859472904
30,3,0.1,"Bayesian GL","mse",0.0150278082677116,0.0142077823412089,0.0175381517742228
30,3,0.1,"Bayesian GL","log_score",-0.877167073086043,-1.17881576917928,-0.425880289744866
30,3,0.1,"Adaptive Bayesian GL","mse",0.0127919534432164,0.0109946881842745,0.0144392226416439
30,3,0.1,"Adaptive Bayesian GL","log_score",-0.723090474070635,-1.33348010089921,-0.41101952832249
30,3,0.1,"Bayesian FGL","mse",0.0153509936925394,0.0138936320900226,0.0185823640630522
30,3,0.1,"Bayesian FGL","log_score",-0.792201639762155,-1.2504690917578,-0.418534710296665
50,3,0.1,"Sample Cov. Inverse","mse",0.0316362499356749,0.0258929515087419,0.0349842229891215
50,3,0.1,"Sample Cov. Inverse","log_score",-1.71629035905407,-3.71638340730352,-0.30465816602266
50,3,0.1,"Inverse-Wishart","mse",0.0314384018682474,0.0278559764644463,0.0353079637825153
50,3,0.1,"Inverse-Wishart","log_score",-1.10670401536563,-2.36896041707772,-0.331572512382351
50,3,0.1,"Bayesian GL","mse",0.00981718124188988,0.00925987884823038,0.0111126446940737
50,3,0.1,"Bayesian GL","log_score",-0.538491579223876,-1.2702971636089,-0.25986251735749
50,3,0.1,"Adaptive Bayesian GL","mse",0.00855331087343989,0.0081193031305754,0.00991312271626845
50,3,0.1,"Adaptive Bayesian GL","log_score",-0.445202694815049,-0.907641105225961,-0.236367192170107
50,3,0.1,"Bayesian FGL","mse",0.0101835639356177,0.00979520955364054,0.0116644606355978
50,3,0.1,"Bayesian FGL","log_score",-0.531357427748268,-1.32932190237204,-0.270422445430978
5,3,0.3,"Sample Cov. Inverse","mse",0.0129107779664459,0.00636023491466546,0.0206134855565795
5,3,0.3,"Sample Cov. Inverse","log_score",-1.13293776642458,-1.71619015550414,-0.774729340279778
5,3,0.3,"Inverse-Wishart","mse",0.0228876151919803,0.0157041028766119,0.0279548279129165
5,3,0.3,"Inverse-Wishart","log_score",-1.12266473813717,-1.7459004486037,-0.772577980566215
5,3,0.3,"Bayesian GL","mse",0.0149729165543159,0.0117712728898546,0.0217064856227881
5,3,0.3,"Bayesian GL","log_score",-1.00858792894158,-1.75110100042287,-0.740520412485808
5,3,0.3,"Adaptive Bayesian GL","mse",0.0124830306434089,0.0102730679361601,0.0181808531162286
5,3,0.3,"Adaptive Bayesian GL","log_score",-1.13003848678656,-1.75750374443045,-0.74242844680866
5,3,0.3,"Bayesian FGL","mse",0.0189753321606873,0.014323812736049,0.0259898164976908
5,3,0.3,"Bayesian FGL","log_score",-1.10786622035043,-1.73538353154557,-0.749227740772238
10,3,0.3,"Sample Cov. Inverse","mse",0.0145164799797056,0.0111696655829315,0.0186010684882148
10,3,0.3,"Sample Cov. Inverse","log_score",-0.864800083723795,-1.72006395762419,-0.750698750798736
10,3,0.3,"Inverse-Wishart","mse",0.0302038529345166,0.0237826541114552,0.0327741760694571
10,3,0.3,"Inverse-Wishart","log_score",-0.873370558428548,-1.70858412959145,-0.735119794580278
10,3,0.3,"Bayesian GL","mse",0.0225214387761664,0.0189927596736488,0.0274757574344394
10,3,0.3,"Bayesian GL","log_score",-0.894755440548967,-1.66392304250911,-0.719687919622317
10,3,0.3,"Adaptive Bayesian GL","mse",0.0161644953863635,0.0144701606692448,0.0204843560256167
10,3,0.3,"Adaptive Bayesian GL","log_score",-0.887368823683311,-1.68150399624727,-0.753336250522859
10,3,0.3,"Bayesian FGL","mse",0.0240211996470605,0.0194006620310541,0.0261838894076467
10,3,0.3,"Bayesian FGL","log_score",-0.899537224106622,-1.71778234125447,-0.730677918363406
20,3,0.3,"Sample Cov. Inverse","mse",0.0260616323329001,0.0206490079551026,0.0311043484458903
20,3,0.3,"Sample Cov. Inverse","log_score",-1.32139428493464,-1.99149532138763,-0.584437211618687
20,3,0.3,"Inverse-Wishart","mse",0.0376226992130518,0.0332026368364253,0.0428436481858867
20,3,0.3,"Inverse-Wishart","log_score",-1.26798147704131,-1.99831504679275,-0.60074761000602
20,3,0.3,"Bayesian GL","mse",0.0261907028034931,0.0212463360950715,0.0281201019702372
20,3,0.3,"Bayesian GL","log_score",-1.0550532597941,-1.77131645316006,-0.591570273409023
20,3,0.3,"Adaptive Bayesian GL","mse",0.0193210002938648,0.0163665980613937,0.022437920426554
20,3,0.3,"Adaptive Bayesian GL","log_score",-0.896185444215469,-1.72343339607091,-0.582336720280136
20,3,0.3,"Bayesian FGL","mse",0.023672086119738,0.0215850125234896,0.0271515938293666
20,3,0.3,"Bayesian FGL","log_score",-1.05533183228799,-1.87890790406759,-0.623774912802504
30,3,0.3,"Sample Cov. Inverse","mse",0.0284365118111739,0.026976136866234,0.0457430086689075
30,3,0.3,"Sample Cov. Inverse","log_score",-0.704202606375111,-1.63929207314498,-0.512517063313851
30,3,0.3,"Inverse-Wishart","mse",0.0393427330021334,0.0348447139106091,0.0524404943959276
30,3,0.3,"Inverse-Wishart","log_score",-0.720864222111343,-1.504238023796,-0.48815126764343
30,3,0.3,"Bayesian GL","mse",0.0222524622643539,0.0184977592930334,0.0248550263358537
30,3,0.3,"Bayesian GL","log_score",-0.811546988570942,-1.24576142214145,-0.57246054990572
30,3,0.3,"Adaptive Bayesian GL","mse",0.0182895796351187,0.0148570497432678,0.020639692960828
30,3,0.3,"Adaptive Bayesian GL","log_score",-0.859139489944588,-1.14785516656455,-0.510584940658604
30,3,0.3,"Bayesian FGL","mse",0.0212898855629563,0.0187559075457977,0.0250981155522249
30,3,0.3,"Bayesian FGL","log_score",-0.869473103778408,-1.27976350172506,-0.554748089203688
50,3,0.3,"Sample Cov. Inverse","mse",0.0416535755588508,0.0384548141719978,0.0471418391743621
50,3,0.3,"Sample Cov. Inverse","log_score",-1.76510602407391,-2.90258340377765,-0.701342441814878
50,3,0.3,"Inverse-Wishart","mse",0.0427153305596064,0.0388569894286906,0.0465180647172907
50,3,0.3,"Inverse-Wishart","log_score",-1.40967279184372,-2.17781468401802,-0.539222498831123
50,3,0.3,"Bayesian GL","mse",0.0136953215043865,0.013014203487507,0.0156383847528765
50,3,0.3,"Bayesian GL","log_score",-0.723039495447892,-1.0750674174445,-0.444725522156386
50,3,0.3,"Adaptive Bayesian GL","mse",0.0123069276287491,0.0111684494532665,0.0133176261124218
50,3,0.3,"Adaptive Bayesian GL","log_score",-0.57213566716812,-0.98612611397476,-0.444291800548749
50,3,0.3,"Bayesian FGL","mse",0.0142105419123477,0.0130807356992921,0.0150331151253407
50,3,0.3,"Bayesian FGL","log_score",-0.717394166822521,-1.13249419602874,-0.439300900651211
5,5,0,"Sample Cov. Inverse","mse",0.00171118369296588,0.000943712316519608,0.00265851902134206
5,5,0,"Sample Cov. Inverse","log_score",-0.362945668257605,-0.733752614246009,-0.171092191852175
5,5,0,"Inverse-Wishart","mse",0.00306788459047919,0.00252046449782033,0.00397477420008477
5,5,0,"Inverse-Wishart","log_score",-0.359932300139905,-0.745085789260142,-0.172069102306054
5,5,0,"Bayesian GL","mse",0.00191167759439923,0.00179737001944443,0.00217715227276506
5,5,0,"Bayesian GL","log_score",-0.440570633024158,-0.761318030258388,-0.250414895261341
5,5,0,"Adaptive Bayesian GL","mse",0.00136450991630646,0.00118642350690665,0.0016741981778075
5,5,0,"Adaptive Bayesian GL","log_score",-0.380727169775616,-0.731054532623507,-0.180017842788911
5,5,0,"Bayesian FGL","mse",0.00270857943071228,0.00220596737875928,0.00331124117344935
5,5,0,"Bayesian FGL","log_score",-0.373374044196954,-0.749347980122855,-0.196089612905676
10,5,0,"Sample Cov. Inverse","mse",0.00566306198893798,0.0040252191032367,0.00690208909584069
10,5,0,"Sample Cov. Inverse","log_score",-0.346721010664648,-0.541581655750774,-0.144318069195871
10,5,0,"Inverse-Wishart","mse",0.00945879027722783,0.00770117690930632,0.0122704229568999
10,5,0,"Inverse-Wishart","log_score",-0.33426381125786,-0.524078909643044,-0.157096170587666
10,5,0,"Bayesian GL","mse",0.00519300366401153,0.00457750867406851,0.00672282238519539
10,5,0,"Bayesian GL","log_score",-0.255888072139171,-0.654601370826225,-0.123289929284444
10,5,0,"Adaptive Bayesian GL","mse",0.00274535600756081,0.00221211861396063,0.00358890290269297
10,5,0,"Adaptive Bayesian GL","log_score",-0.274031370322541,-0.533724876757327,-0.160884353195448
10,5,0,"Bayesian FGL","mse",0.00744369570274971,0.006307376286841,0.00952480763109078
10,5,0,"Bayesian FGL","log_score",-0.326936341826892,-0.512648355257329,-0.167875705723152
20,5,0,"Sample Cov. Inverse","mse",0.00946945410955118,0.00751484412018855,0.0120695144323383
20,5,0,"Sample Cov. Inverse","log_score",-0.319557378316912,-1.21790593888212,-0.0446513131197684
20,5,0,"Inverse-Wishart","mse",0.0130712800267878,0.0114394319183937,0.0169908318525895
20,5,0,"Inverse-Wishart","log_score",-0.298214510534823,-1.19461511752302,-0.047375499027225
20,5,0,"Bayesian GL","mse",0.00763785216154813,0.0065117969542513,0.00872626660714895
20,5,0,"Bayesian GL","log_score",-0.295422900977151,-0.981022850075105,-0.0610807368750161
20,5,0,"Adaptive Bayesian GL","mse",0.00389147269474255,0.0033574605004703,0.00469261282889091
20,5,0,"Adaptive Bayesian GL","log_score",-0.329410091197091,-0.973846417318307,-0.0229174705823612
20,5,0,"Bayesian FGL","mse",0.00879785807119008,0.00730020903680116,0.0101591946658946
20,5,0,"Bayesian FGL","log_score",-0.308155110328847,-1.21146756595662,-0.0503957907512791
30,5,0,"Sample Cov. Inverse","mse",0.0100498985922718,0.00803083493295412,0.0117458982541689
30,5,0,"Sample Cov. Inverse","log_score",-0.620055367952538,-1.46592897941532,-0.107243033709859
30,5,0,"Inverse-Wishart","mse",0.0139208188790031,0.0125097171640026,0.0154088829837157
30,5,0,"Inverse-Wishart","log_score",-0.573823323127372,-1.36220974018449,-0.153028868564847
30,5,0,"Bayesian GL","mse",0.00665898099783039,0.00606916307627092,0.00759604670421422
30,5,0,"Bayesian GL","log_score",-0.578014964404346,-1.10752328274543,-0.166723675335336
30,5,0,"Adaptive Bayesian GL","mse",0.00467385262806831,0.00419666230250872,0.00528551680991456
30,5,0,"Adaptive Bayesian GL","log_score",-0.3585392431775,-1.25547906545194,-0.18312635066891
30,5,0,"Bayesian FGL","mse",0.00758869137907266,0.00653880333117015,0.00808937713834973
30,5,0,"Bayesian FGL","log_score",-0.482915602666345,-1.30116128488079,-0.154814883636483
50,5,0,"Sample Cov. Inverse","mse",0.014639927981333,0.0135065071694819,0.0171111193909224
50,5,0,"Sample Cov. Inverse","log_score",-0.571499976605993,-2.25744987763645,0.259555926016776
50,5,0,"Inverse-Wishart","mse",0.01501006928689,0.0143537664288549,0.016505346748338
50,5,0,"Inverse-Wishart","log_score",-0.478251934127787,-1.36168808128269,0.0841099048540521
50,5,0,"Bayesian GL","mse",0.00464602098911435,0.00412048913458271,0.00527182719753054
50,5,0,"Bayesian GL","log_score",0.0105916154899983,-0.511038388547886,0.0901561946352381
50,5,0,"Adaptive Bayesian GL","mse",0.0037837691872906,0.00356928331420342,0.00433520077526752
50,5,0,"Adaptive Bayesian GL","log_score",-0.149323063132069,-0.506438806769678,0.0101560188755199
50,5,0,"Bayesian FGL","mse",0.0054813042181205,0.00518765772381922,0.00605220143017842
50,5,0,"Bayesian FGL","log_score",-0.0137489346091093,-0.625570616074535,0.0758688688236224
5,5,0.1,"Sample Cov. Inverse","mse",0.00193208921108631,0.0011143698901471,0.0035853226289076
5,5,0.1,"Sample Cov. Inverse","log_score",-0.726793644863214,-1.33364919112394,-0.463045808909384
5,5,0.1,"Inverse-Wishart","mse",0.00416335765730927,0.00343582789470659,0.00540435398271779
5,5,0.1,"Inverse-Wishart","log_score",-0.731107765268563,-1.39704804945643,-0.4628253231929
5,5,0.1,"Bayesian GL","mse",0.00235846029871136,0.00203965165948138,0.00281650057054418
5,5,0.1,"Bayesian GL","log_score",-0.684509116655116,-1.57196620052576,-0.417545355266609
5,5,0.1,"Adaptive Bayesian GL","mse",0.00174259372986566,0.00144702362842273,0.00204328554134201
5,5,0.1,"Adaptive Bayesian GL","log_score",-0.672324973307287,-1.54663615882716,-0.355013284175257
5,5,0.1,"Bayesian FGL","mse",0.00346369143369962,0.00290806778299716,0.00463346535341404
5,5,0.1,"Bayesian FGL","log_score",-0.728680608675053,-1.39343275571074,-0.461551589277031
10,5,0.1,"Sample Cov. Inverse","mse",0.00725674288970242,0.00516632901784923,0.00989017172409363
10,5,0.1,"Sample Cov. Inverse","log_score",-0.4563753657372,-0.889443746351582,-0.365400610519871
10,5,0.1,"Inverse-Wishart","mse",0.012873477025079,0.0102363231870432,0.015488656166598
10,5,0.1,"Inverse-Wishart","log_score",-0.436592325041701,-0.927789431922756,-0.355415463410331
10,5,0.1,"Bayesian GL","mse",0.00776821176389881,0.00695018393713045,0.00935750587275646
10,5,0.1,"Bayesian GL","log_score",-0.475989011276531,-0.990428244664485,-0.31172018395178
10,5,0.1,"Adaptive Bayesian GL","mse",0.00379684967051166,0.00310609740356261,0.00534578638694092
10,5,0.1,"Adaptive Bayesian GL","log_score",-0.430623991859342,-0.897839068978538,-0.303700312225971
10,5,0.1,"Bayesian FGL","mse",0.0097406833660974,0.00790158991008999,0.0114234832303454
10,5,0.1,"Bayesian FGL","log_score",-0.43142495184497,-0.945746749564627,-0.346833753500293
20,5,0.1,"Sample Cov. Inverse","mse",0.00916201645891498,0.00713633134657086,0.0136408402598173
20,5,0.1,"Sample Cov. Inverse","log_score",-0.595463952783258,-1.74191167987392,-0.249257755729313
20,5,0.1,"Inverse-Wishart","mse",0.0167650284999046,0.0136725731785044,0.0203409791640219
20,5,0.1,"Inverse-Wishart","log_score",-0.595276795233015,-1.50158962405049,-0.259823363647931
20,5,0.1,"Bayesian GL","mse",0.0102503125540836,0.00855227396836625,0.0114340779706386
20,5,0.1,"Bayesian GL","log_score",-0.494401702106132,-1.39041810719749,-0.271816426260002
20,5,0.1,"Adaptive Bayesian GL","mse",0.00581626577697815,0.00520028557454702,0.00675626877500456
20,5,0.1,"Adaptive Bayesian GL","log_score",-0.410707469433109,-1.1588598525388,-0.246293531866687
20,5,0.1,"Bayesian FGL","mse",0.0113458129290387,0.00933754530640939,0.0120382799874498
20,5,0.1,"Bayesian FGL","log_score",-0.53467656023401,-1.2433525013104,-0.251017630454131
30,5,0.1,"Sample Cov. Inverse","mse",0.0158270132594328,0.0122750688599414,0.0216317288519755
30,5,0.1,"Sample Cov. Inverse","log_score",-0.668955626642731,-1.68484233547053,-0.248546520246032
30,5,0.1,"Inverse-Wishart","mse",0.020852041624493,0.0182733268400635,0.0254414282127733
30,5,0.1,"Inverse-Wishart","log_score",-0.682012895292147,-1.45514841454215,-0.319232905313859
30,5,0.1,"Bayesian GL","mse",0.0100300924021755,0.00838384487313553,0.0112201492037739
30,5,0.1,"Bayesian GL","log_score",-0.682484795528961,-1.12601587010037,-0.307462697128389
30,5,0.1,"Adaptive Bayesian GL","mse",0.00693396508770927,0.00616653540287988,0.0078393245035438
30,5,0.1,"Adaptive Bayesian GL","log_score",-0.612562355641996,-1.05256700262194,-0.330977620041843
30,5,0.1,"Bayesian FGL","mse",0.0101442603826997,0.0093283397142128,0.0121075426496891
30,5,0.1,"Bayesian FGL","log_score",-0.678141683967661,-1.14365627451145,-0.279566621530164
50,5,0.1,"Sample Cov. Inverse","mse",0.0215633589484807,0.0188158330235239,0.0268827366099076
50,5,0.1,"Sample Cov. Inverse","log_score",-0.703847667759056,-1.51984331422289,-0.0644597665037752
50,5,0.1,"Inverse-Wishart","mse",0.0239694612332718,0.0206803891946561,0.0257868138427813
50,5,0.1,"Inverse-Wishart","log_score",-0.573096064223469,-1.1457457639672,-0.14188054771578
50,5,0.1,"Bayesian GL","mse",0.0073367244747524,0.00590609200392271,0.00828769930552057
50,5,0.1,"Bayesian GL","log_score",-0.325069643210844,-0.847262030523058,-0.133262429319203
50,5,0.1,"Adaptive Bayesian GL","mse",0.00594140408427065,0.00528134202017915,0.00671797802766605
50,5,0.1,"Adaptive Bayesian GL","log_score",-0.433208318076256,-1.00644122896286,-0.212788623974111
50,5,0.1,"Bayesian FGL","mse",0.00813952363907388,0.0071254943334751,0.0087102598003695
50,5,0.1,"Bayesian FGL","log_score",-0.475946851560822,-0.894763376688745,-0.128342829738602
5,5,0.3,"Sample Cov. Inverse","mse",0.00390360881423561,0.00225148202295024,0.00724381510738474
5,5,0.3,"Sample Cov. Inverse","log_score",-0.952786206734743,-1.55964175299547,-0.689038370780912
5,5,0.3,"Inverse-Wishart","mse",0.00833658557495777,0.00685785006105808,0.0110037633528706
5,5,0.3,"Inverse-Wishart","log_score",-0.963167268835961,-1.62281599450059,-0.688484923055008
5,5,0.3,"Bayesian GL","mse",0.00550993327160024,0.00481331461936936,0.0062992396816688
5,5,0.3,"Bayesian GL","log_score",-0.955348429247012,-1.6816106353519,-0.633494964486489
5,5,0.3,"Adaptive Bayesian GL","mse",0.0063327569481878,0.00469610598027907,0.00790760674126511
5,5,0.3,"Adaptive Bayesian GL","log_score",-0.963536554105014,-1.84338886234681,-0.610089499045477
5,5,0.3,"Bayesian FGL","mse",0.00713805343814284,0.00591441352034429,0.00912293244425865
5,5,0.3,"Bayesian FGL","log_score",-0.96444924545637,-1.66600865563991,-0.684271269374638
10,5,0.3,"Sample Cov. Inverse","mse",0.00966643171059318,0.0077004647414962,0.014414441239708
10,5,0.3,"Sample Cov. Inverse","log_score",-0.578397345318833,-1.14227456880341,-0.459708068955724
10,5,0.3,"Inverse-Wishart","mse",0.0192283460488301,0.0159796548789305,0.0253020872872855
10,5,0.3,"Inverse-Wishart","log_score",-0.594430871339158,-1.15781994678592,-0.456614949749357
10,5,0.3,"Bayesian GL","mse",0.0143250784639343,0.0113177694253647,0.0159660282323789
10,5,0.3,"Bayesian GL","log_score",-0.586014740023483,-1.24483549156775,-0.452867973904329
10,5,0.3,"Adaptive Bayesian GL","mse",0.0096085824395603,0.00785895015535992,0.0122618284029958
10,5,0.3,"Adaptive Bayesian GL","log_score",-0.644362413729641,-1.2150076650685,-0.374458558672599
10,5,0.3,"Bayesian FGL","mse",0.0141996684859923,0.0127610623107292,0.0192752409543104
10,5,0.3,"Bayesian FGL","log_score",-0.589752788359714,-1.21010889238134,-0.436784346517768
20,5,0.3,"Sample Cov. Inverse","mse",0.0169850915809106,0.0141242154935313,0.0229145049895902
20,5,0.3,"Sample Cov. Inverse","log_score",-1.02502603077221,-2.3373878567309,-0.534692977700831
20,5,0.3,"Inverse-Wishart","mse",0.0267754893925996,0.0243276679768477,0.031022561392693
20,5,0.3,"Inverse-Wishart","log_score",-0.992190311533295,-2.30436860185848,-0.500288203751564
20,5,0.3,"Bayesian GL","mse",0.0176982036990649,0.0160496783714161,0.0204797946713331
20,5,0.3,"Bayesian GL","log_score",-0.795179469327047,-2.2940105824043,-0.592717942229663
20,5,0.3,"Adaptive Bayesian GL","mse",0.0117383534162526,0.0107589121521138,0.0128714403251502
20,5,0.3,"Adaptive Bayesian GL","log_score",-0.771252455587466,-2.29865555710178,-0.534296558422673
20,5,0.3,"Bayesian FGL","mse",0.0163714085786108,0.0148912608876131,0.0171111770824843
20,5,0.3,"Bayesian FGL","log_score",-0.81512772590742,-2.30872528980675,-0.53484165210135
30,5,0.3,"Sample Cov. Inverse","mse",0.0235801238655241,0.0195935661372015,0.0366953385092417
30,5,0.3,"Sample Cov. Inverse","log_score",-0.780013497537786,-1.59029294394075,-0.359938252343841
30,5,0.3,"Inverse-Wishart","mse",0.0323340268797244,0.0281013048095232,0.0423461792681174
30,5,0.3,"Inverse-Wishart","log_score",-0.73920089308598,-1.44569350102048,-0.45215286735847
30,5,0.3,"Bayesian GL","mse",0.0171959080436371,0.0140457406231773,0.0188605222576737
30,5,0.3,"Bayesian GL","log_score",-0.773691079258006,-1.35997161741917,-0.519024503973286
30,5,0.3,"Adaptive Bayesian GL","mse",0.0128054861714546,0.0109463062783893,0.0144258047926201
30,5,0.3,"Adaptive Bayesian GL","log_score",-0.784362750796445,-1.25444722074665,-0.483105792315639
30,5,0.3,"Bayesian FGL","mse",0.0161040663479187,0.0146417704863196,0.0203002888872641
30,5,0.3,"Bayesian FGL","log_score",-0.781600347407101,-1.32323731808508,-0.479201837537419
50,5,0.3,"Sample Cov. Inverse","mse",0.0400231975925148,0.0291170434695905,0.0432964782610025
50,5,0.3,"Sample Cov. Inverse","log_score",-0.703657303150607,-1.48690977778075,-0.207367598133115
50,5,0.3,"Inverse-Wishart","mse",0.0395590814727032,0.0326449071455323,0.043365584561049
50,5,0.3,"Inverse-Wishart","log_score",-0.665414789739053,-1.19981999320011,-0.352854774695027
50,5,0.3,"Bayesian GL","mse",0.0117123009970406,0.0102475974717862,0.0143446180374693
50,5,0.3,"Bayesian GL","log_score",-0.43462450215323,-1.19168189590073,-0.320712450024395
50,5,0.3,"Adaptive Bayesian GL","mse",0.0104617638733965,0.00897356452717575,0.0121702603722545
50,5,0.3,"Adaptive Bayesian GL","log_score",-0.52776099242416,-1.11184558471256,-0.303782197329056
50,5,0.3,"Bayesian FGL","mse",0.0122146683957586,0.0109792360170277,0.0142549955940966
50,5,0.3,"Bayesian FGL","log_score",-0.484343204840493,-1.11837584092575,-0.335831265411267
