"","1","4","5","7","14","15","16","20","22","23","24","26","29","31","33","37","38","39","47","48","52","54","56","61","68","82","85","88","89","93","94","95","96","98","99"
"1999Q3",0.022,0.025,0.02,0.016,0.023,0.0202887718253968,0.02,0.019,0.0203281984126984,0.019,0.021,0.02,0.02,0.022,0.02,0.025,0.02,0.024,0.02,0.0215812301587302,0.025,0.0214833452380952,0.019,0.02,0.02,0.0179143650793651,0.021,0.02,0.021,0.0209508416494155,0.018,0.019,0.0212299761904762,0.0211608650793651,0.0225755055555556
"1999Q4",0.023,0.031,0.02,0.019,0.025,0.022244875,0.027,0.018,0.0202568492063492,0.024,0.026,0.024,0.025,0.022,0.017,0.025,0.018,0.024,0.02,0.025,0.0230049404761905,0.025,0.022,0.024,0.0254622384126984,0.0220203492063492,0.019,0.024,0.019,0.0223627023809524,0.024,0.021,0.0222546111111111,0.0275363134920635,0.0276785087301587
"2000Q1",0.023,0.0281223849206349,0.033,0.023,0.027,0.0241340952380952,0.027,0.022,0.0228399563492064,0.025,0.0275747936526324,0.021,0.023,0.026,0.023,0.022,0.022,0.027,0.0238624325396825,0.026,0.025,0.03,0.023,0.0254229166666667,0.0334996536507937,0.0252168253968254,0.023,0.024,0.0258262045359708,0.0263823015873016,0.024,0.024,0.0288677896825397,0.0321800753968254,0.0346444007936508
"2000Q2",0.028,0.032,0.028,0.03,0.028,0.0267948888888889,0.034,0.0350843968253968,0.0314196111111111,0.031,0.033,0.032,0.0313418499278499,0.029,0.027,0.028,0.024,0.029,0.029,0.0347379484126984,0.029,0.027,0.0350227103174603,0.028,0.0430485575396825,0.0274829444444444,0.025,0.028,0.025,0.0359188611111111,0.029,0.028,0.0392886388888889,0.0394973412698413,0.0437867111111111
"2000Q3",0.03,0.034,0.029,0.031,0.03,0.028,0.029,0.0405998650793651,0.0363880833333333,0.032,0.034,0.031,0.031,0.028881753968254,0.027,0.032,0.03,0.031,0.03,0.037,0.0261234563492064,0.035,0.0400471626984127,0.03,0.0457969254761905,0.0272089444444444,0.022,0.0383365042304737,0.029,0.0438461626984127,0.031,0.033,0.0427182420634921,0.0434538531746032,0.048947396031746
"2000Q4",0.032,0.035,0.025,0.039,0.03,0.028,0.03,0.033,0.037,0.032,0.036,0.037,0.0352996832611833,0.03,0.03,0.031,0.032,0.036,0.0323459682539683,0.036,0.0260012341269841,0.0306856666666667,0.029,0.03,0.0463886826190476,0.0272240555555555,0.036,0.0389514781227841,0.028,0.046492753968254,0.03,0.034,0.033,0.0434259126984127,0.0475160476190476
"2001Q1",0.037,0.039,0.031,0.035,0.033,0.03,0.0404829126984127,0.036,0.033,0.0467058888888889,0.0488290859252343,0.037,0.03,0.034,0.03,0.034,0.0417373125176387,0.034,0.0327866111111111,0.035,0.0261234563492064,0.038,0.034,0.0336024523809524,0.0467575721428572,0.0272240555555555,0.03,0.0387166136065665,0.037,0.035,0.034,0.033,0.031,0.0440598333333334,0.0511207103174603
"2001Q2",0.03,0.035,0.027,0.032,0.027,0.03,0.029,0.031,0.029,0.03,0.036,0.033,0.029,0.029,0.028,0.032,0.029,0.033,0.0308889404761905,0.029,0.03,0.035,0.03,0.025,0.0416818178571429,0.0272240555555555,0.025,0.0365756572573601,0.032,0.028,0.034,0.033,0.029,0.041423253968254,0.0442645460317461
"2001Q3",0.026,0.027,0.027,0.024,0.025,0.027,0.029,0.025,0.023,0.026,0.031,0.027,0.029,0.028,0.026,0.031,0.027,0.026,0.0275883095238095,0.026,0.0258340912698413,0.027,0.028,0.025,0.028,0.024,0.021,0.0324098452670504,0.03,0.028,0.026,0.027,0.023,0.0344478888888889,0.0374204238095238
"2001Q4",0.025,0.023,0.021,0.022,0.018,0.025,0.0237661984126984,0.0221544603174603,0.018,0.025,0.024,0.024,0.025,0.022,0.026,0.028,0.02,0.023,0.0210250992063492,0.021,0.018,0.027,0.025,0.028,0.0274781228571429,0.0220034444444444,0.022,0.0266093179559793,0.026,0.022,0.011,0.0220881809219423,0.02,0.0269858849206349,0.0283131547619048
"2002Q1",0.012,0.0201200119047619,0.014,0.015,0.01,0.022,0.0187589801587302,0.0203254920634921,0.012,0.018,0.015,0.014,0.025,0.019,0.023,0.018,0.0170178466248619,0.02,0.018,0.0195449206349206,0.017277003968254,0.023,0.023,0.02,0.02,0.0163038055555556,0.023,0.0197733522882464,0.025,0.015,0.02,0.023,0.017,0.020083753968254,0.0220009388888889
"2002Q2",0.012,0.013,0.008,0.0125358850351789,0.0100551706349206,0.0175,0.0116099563492063,0.0113538611111111,0.009,0.00832146825396826,0.004,0.01,0.013,0.011,0.019,0.01,0.00990829103953968,0.009,0.006,0.015,0.0105272817460317,0.015,0.0129212178375852,0.008,0.012,0.00884997222222222,0.02,0.0114598970557698,0.014,0.005,0.01,0.01,0.012,0.0105506587301587,0.0121253615079365
"2002Q3",0.012,0.014,0.0171101706349206,0.015,0.018,0.021,0.014,0.022,0.006,0.013200496031746,0.0135355071061967,0.009,0.011,0.011,0.022,0.013,0.0128007016910714,0.015,0.01,0.021,0.01,0.012,0.019,0.013,0.0178548115079365,0.0121461071428571,0.016,0.01520337277905,0.017,0.02,0.024,0.015,0.013,0.0147506468253968,0.0168421047619048
"2002Q4",0.025,0.027,0.018,0.032,0.03,0.022,0.023,0.0230472976190476,0.013,0.0236855198412698,0.022,0.03,0.026,0.023,0.023,0.02,0.021100766124393,0.03,0.019,0.02,0.022,0.022,0.026,0.0235849404761905,0.024,0.0224459404761905,0.022,0.0253198193741038,0.022,0.025,0.025,0.019,0.013,0.0264824563492064,0.0277780174603175
"2003Q1",0.0260174404761905,0.032,0.022,0.0279702438022111,0.03,0.025,0.0257435992063492,0.0250746587301587,0.015,0.0240944920634921,0.023,0.027,0.027,0.027,0.011,0.028,0.0237636713003664,0.026,0.02,0.024,0.029,0.022,0.032,0.027,0.0321664242857143,0.0235935952380952,0.02,0.0288238807614132,0.025,0.02,0.029,0.02,0.030079873015873,0.0308813690476191,0.0339993595238095
"2003Q2",0.014,0.014,0.024,0.019,0.018,0.02,0.011,0.018,0.014,0.0153034682539683,0.015,0.0015,0.013,0.015,0.019,0.014,0.0143671315079365,0.0160409110517374,0.013,0.016,0.016,0.007,0.02,0.013,0.025,0.0137073174603175,0.016,0.0170465022732829,0.019,0.02,0.02,0.02,0.015,0.0162824761904762,0.0173120214285714
"2003Q3",0.014,0.016,0.018,0.016,0.015,0.0225,0.012,0.015,0.011,0.012,0.016,0.006,0.0139460222222222,0.014,0.018,0.018,0.013511938968254,0.011,0.013,0.0159953650793651,0.013,0.014,0.015,0.015,0.016,0.0118464087301587,0.012,0.0158177261630241,0.017,0.018,0.017,0.015,0.012,0.0147001071428571,0.0155655079365079
"2003Q4",0.0131852619047619,0.009,0.015,0.014,0.012,0.0152389742063492,0.014,0.008,0.008,0.012,0.017,0.0075,0.011,0.008,0.017,0.016,0.011173085641127,0.0119096556222972,0.009,0.01,0.011,0.015,0.012,0.0112108333333333,0.018,0.012,0.011,0.0121924631089556,0.014,0.01,0.0198,0.012,0.017,0.0121124523809524,0.0138649412698413
"2004Q1",0.0133615992063492,0.01085075,0.0119066071428571,0.0130440809306427,0.007,0.015,0.006,0.022,0.0112939761904762,0.022,0.016,0.008,0.01,0.0107240277777778,0.01,0.01,0.0104752862279127,0.009,0.008,0.0130773412698413,0.006,0.02,0.012,0.0127491071428571,0.01319148502886,0.006,0.008,0.0123911943965956,0.021,0.01,0.015,0.013,0.01,0.00994081349206349,0.0130611015873016
"2004Q2",0.015,0.015,0.018,0.01,0.012,0.0175,0.015,0.013,0.017,0.017,0.018,0.015,0.015,0.016,0.015,0.015,0.013,0.011,0.013,0.014,0.014,0.015,0.013,0.014,0.02,0.013,0.015,0.023,0.018,0.015,0.02,0.019,0.015,0.0153513611111111,0.0171204880952381
"2004Q3",0.015,0.021,0.019514755952381,0.022,0.018,0.0225,0.018,0.02,0.016,0.02,0.018,0.019,0.018,0.02,0.0190959884559885,0.0192461031746032,0.02,0.017,0.016,0.0183090515873016,0.0173891587301587,0.02,0.016,0.021,0.022,0.018,0.019,0.024,0.017,0.017,0.023,0.021,0.02,0.0191632658730159,0.0204469126984127
"2004Q4",0.018,0.021,0.025,0.02,0.018,0.025,0.018,0.013,0.017,0.021,0.018,0.02,0.019,0.015,0.018,0.02,0.015,0.018,0.015,0.017,0.014,0.019,0.017,0.026,0.024,0.016,0.022,0.025,0.021,0.02,0.018,0.019,0.019,0.0195449047619048,0.021373019047619
"2005Q1",0.0206450883838384,0.022,0.0209295357142857,0.022,0.022,0.023,0.012,0.025,0.021,0.023,0.022,0.019,0.023,0.017,0.018,0.021,0.021,0.017,0.013,0.021,0.02,0.025,0.019,0.0217630079365079,0.0238839407936508,0.017,0.02,0.023,0.021,0.02,0.024,0.022,0.023,0.021,0.021
"2005Q2",0.02,0.024,0.024,0.015,0.02,0.023,0.012,0.017,0.019,0.017,0.02,0.022,0.025,0.019,0.02,0.018,0.016,0.018,0.013,0.022,0.021,0.02,0.019,0.025,0.022,0.015,0.02,0.0213194936076198,0.02,0.02,0.022,0.022,0.023,0.017,0.018
"2005Q3",0.0184477153679654,0.021,0.018,0.018,0.018,0.02,0.018,0.02,0.02,0.019,0.02,0.019,0.022,0.017,0.017,0.022,0.018,0.019,0.014,0.0196107976190476,0.021,0.019,0.016,0.018,0.022,0.013,0.02,0.018,0.019,0.018,0.022,0.017,0.02,0.0178383531746032,0.02
"2005Q4",0.019,0.021,0.018,0.019,0.018,0.0175,0.016,0.015,0.02,0.018,0.018,0.021,0.0195710595238095,0.017,0.018,0.023,0.018,0.019,0.017,0.019,0.022,0.023,0.018,0.019834496031746,0.021,0.015,0.023,0.02,0.02,0.019,0.0191791896825397,0.016,0.022,0.017,0.019
"2006Q1",0.019,0.0169323214285714,0.018,0.0161709099726527,0.016,0.0174559305555556,0.018,0.017,0.0150183611111111,0.014,0.013,0.018,0.0163400246031746,0.013,0.015,0.018,0.017,0.016,0.011,0.02,0.013,0.022,0.0172225156055984,0.0160059880952381,0.017341219047619,0.009,0.019,0.0167097906779974,0.018,0.0178904472910551,0.016,0.013,0.016,0.019,0.0166957599206349
"2006Q2",0.0160399563492063,0.019,0.019,0.021,0.014,0.016,0.015,0.018,0.016,0.0156823174603175,0.011,0.019,0.0158550531746032,0.014,0.016,0.022,0.014,0.018,0.013,0.016373630952381,0.014,0.018,0.019,0.016,0.019,0.0130151825396825,0.019,0.015,0.017,0.014,0.016,0.013,0.015,0.016004126984127,0.017
"2006Q3",0.02,0.022,0.018,0.023,0.022,0.017,0.017,0.022,0.021,0.017,0.016,0.02,0.021,0.019,0.02,0.019,0.017,0.021,0.017,0.0196557341269841,0.02,0.02,0.019,0.022,0.019,0.018,0.019,0.015,0.018,0.018,0.019,0.02,0.018,0.019304123015873,0.021
"2006Q4",0.021,0.025,0.02,0.026,0.024,0.017,0.017,0.02,0.023,0.022,0.021,0.026,0.023,0.024,0.022,0.022,0.021,0.023,0.023,0.0214934365079365,0.0222201626984127,0.022,0.021,0.024,0.023,0.019,0.022,0.023,0.019,0.018,0.02,0.023,0.019,0.022471630952381,0.0247514992063492
"2007Q1",0.020738380952381,0.021,0.02,0.0223126545048887,0.0201894285714286,0.0175,0.017,0.022,0.02,0.022,0.019,0.023,0.021,0.021,0.018,0.021,0.018,0.023,0.019,0.020715503968254,0.0202592103174603,0.017,0.022,0.023,0.0202283626984127,0.015,0.024,0.0216486140705862,0.021,0.017,0.02,0.022,0.022,0.019005876984127,0.02
"2007Q2",0.021,0.019,0.02,0.023,0.0204580317460318,0.0225,0.017,0.02,0.019,0.018,0.014,0.022,0.0213066809523809,0.0194362777777778,0.026,0.021,0.017,0.022,0.015,0.021,0.018,0.017,0.019,0.023,0.02,0.016,0.021,0.019,0.018,0.02,0.023,0.02,0.022,0.019,0.02
"2007Q3",0.019,0.023,0.018,0.02,0.025,0.0225,0.018,0.023,0.018,0.016,0.017,0.022,0.0203341507936508,0.02,0.022,0.021,0.02,0.022,0.014,0.021,0.016,0.018,0.019,0.018,0.021,0.014,0.018823364288508,0.019,0.02,0.02,0.024,0.019,0.0199469087301587,0.019,0.023
"2007Q4",0.025,0.023,0.02,0.02,0.0219277777777778,0.0225,0.02,0.024,0.021,0.016,0.018,0.02,0.0223258690476191,0.024,0.026,0.021,0.02,0.021,0.017,0.024,0.018,0.023,0.019,0.018,0.021,0.017,0.0206959012087688,0.029,0.0216435018991147,0.019,0.023,0.019,0.022,0.019,0.023
"2008Q1",0.0232438492063492,0.024,0.0228289057539682,0.025,0.023,0.022,0.023,0.026,0.02,0.022,0.019,0.022,0.0243448095238095,0.0228765674603175,0.0229121861471861,0.021,0.022,0.0232236031746032,0.023,0.026,0.023,0.017,0.023,0.024,0.0277085066666667,0.025,0.0214671581499631,0.025,0.023,0.024,0.024,0.024,0.024,0.02,0.025
"2008Q2",0.025,0.021,0.024,0.027,0.018,0.023,0.023,0.023,0.019,0.019,0.018,0.009,0.022,0.021,0.0212623326118326,0.025,0.018,0.021,0.026,0.027,0.018,0.019,0.0217444878502801,0.019,0.024,0.019,0.019,0.0237435272779252,0.021,0.023,0.019,0.022,0.021,0.022,0.021
"2008Q3",0.017,0.017,0.022,0.015,0.014,0.02,0.02,0.017,0.017,0.014,0.017594925098901,0.009,0.021,0.022,0.021,0.0175045595238095,0.016,0.02,0.015,0.026,0.011,0.014,0.018,0.015,0.0185866134920635,0.014,0.0176367860421922,0.02,0.02,0.015,0.015,0.019,0.017,0.016,0.018
"2008Q4",0.017,0.015,0.0142807757936508,0.01,0.012,0.0175,0.012,0.0152895436507937,0.012,0.012,0.019,0.006,0.015,0.0138128571428571,0.018,0.016,0.011,0.012,0.012,0.018,0.009,0.019,0.0134720266991039,0.014,0.0150207,0.011,0.0140912582746192,0.014,0.014,0.0149556683642539,0.009,0.014,0.008,0.0137079444444444,0.017
"2009Q1",0.0118440912698413,0.00846686904761905,0.014,0.005,0.008,0.012,0.008,0.007,0.00975145238095238,0.009,0.007,0.001,0.014,0.01,0.016,0.014,0.008,0.00898233977129228,0.006,0.022,0.007,0.007,0.011,0.012,0.0113083441558441,0.008,0.0109382983475046,0.007,0.013,0.00822978874346282,0.002,0.011,0.004,0.011,0.0111452448412698
"2009Q2",-0.002,0,0.005,-0.007,-0.003,0.005,0,-0.002,-0.001,0,0,0.004,0.006,0.002,0.00266089285714286,0.000327738095238095,-0.005,0.004,0.002,0.007,-0.005,0,0.003,0.000805130952380952,0.01,0.002,0.000373870992138175,0,0,0.004,-0.01,-0.001,-0.009,0,0.000331537301587302
"2009Q3",-0.023,-0.015,-0.02,-0.027,-0.038,-0.0025,-0.023,-0.019,-0.02,-0.029,-0.025,-0.035,0.001,0.00900330952380952,0,-0.027,-0.023,-0.018,-0.011,-0.004,-0.029,-0.00186179473304473,-0.008,-0.000814043650793651,-0.008,-0.023,-0.013,-0.022,-0.005,-0.012,-0.031,-0.023,-0.024,-0.02,-0.017
"2009Q4",-0.02,-0.015,-0.025,-0.039,-0.043,-0.026,-0.03,-0.028,-0.021,-0.038,0.005,-0.048,0.002,0.01,0,-0.023,-0.025,-0.02,-0.016,-0.00191751984126984,-0.03,-0.018,-0.017,0.000205873015873016,-0.00452836904761905,-0.02,-0.02,-0.018,-0.00456663888888889,-0.024,-0.023,-0.018,-0.025,-0.028,-0.0139020722222222
"2010Q1",-0.002,-0.00483134920634921,-0.0036321746031746,-0.014,0.001,-0.01,-0.008,-0.01,-0.003,-0.002,-0.0044389813711222,-0.00391509325396826,0.003,0.015,-0.003,0.004,-0.012,-0.006,0.003,-0.012,-0.002,-0.003,-0.00555837301587302,0.00136597222222222,-0.00336678571428571,-0.004,-0.006,-0.002,-0.009,-0.001,-0.01,-0.0022,-0.003,-0.02,0.005
"2010Q2",0.002,0.026,0.012,0.01,0.01,0.01,0.008,0.011,0.01,0.018,0.00906173216677865,0.00840869047619048,0.008,0.005,0.015,0.009,0.009,0.011,0.00745884971139971,0.01,0.011,0.01,0.0113681642304637,0.003,0.004,0.008,0.00961856063447453,0.017,0.007,0.0109948321523981,0.002,0.01862486038,0.014,0.006,0.018
"2010Q3",0.01,0.018,0.0107705079365079,0.014,0.01,0.01,0.01,0.011,0.015,0.016,0.013,0.002,0.009,0.009,0.01,0.011,0.01,0.009,0.004,0.002,0.014,0.011,0.01,0.0094625873015873,0.011,0.013,0.004,0.014,0.012,0.0122272407367171,0.01,0.016092,0.013,0.01,0.019
"2010Q4",0.015,0.019,0.018,0.014,0.013,0.013,0.013,0.0145570952380952,0.013,0.0152873888888889,0.009,0.0134364126984127,0.017,0.022,0.01592225,0.012,0.01,0.013,0.009,0.011,0.01,0.013,0.012,0.017,0.014,0.017,0.0131191071099669,0.0157432537351706,0.014,0.0154611117387219,0.01,0.016092,0.016,0.015,0.019
"2011Q1",0.0132009563492063,0.021,0.014,0.008,0.015,0.015,0.016,0.017,0.012,0.016,0.01,0.0135497083333333,0.015,0.01,0.01,0.015,0.012,0.017,0.006,0.013,0.012,0.014,0.0143835538004917,0.0151154523809524,0.0140065515873016,0.0119754285714286,0.009,0.016,0.016,0.0161569419059166,0.007,0.016434,0.016,0.016,0.02
"2011Q2",0.01,0.013,0.02,0.014,0.02,0.015,0.015,0.018,0.012,0.013,0.013,0.021,0.014,0.008,0.014,0.017,0.019,0.016,0.007,0.016,0.011,0.021,0.01,0.0137435277777778,0.013,0.011,0.011,0.0147484475965836,0.014,0.0149049509799687,0.01,0.0135680425988568,0.012,0.013,0.011
"2011Q3",0.0135351428571429,0.014,0.016,0.011,0.013,0.015,0.015,0.019,0.014,0.015,0.009,0.02,0.013,0.016,0.021,0.012,0.012,0.016,0.008,0.015,0.015,0.0158312193362193,0.013,0.0154346666666667,0.0161890079365079,0.0121489166666667,0.015,0.014,0.014,0.0162025607480555,0.011,0.013972205201,0.015,0.014,0.013
"2011Q4",0.0155808701298701,0.016,0.017,0.014,0.012,0.016,0.015,0.019,0.017,0.017,0.011,0.012,0.017,0.016,0.017,0.015,0.0152941896825397,0.018,0.015,0.013,0.016,0.017,0.017083448649,0.017195123015873,0.016967075,0.013,0.0171947230604307,0.017,0.014,0.01849771993842,0.015,0.018813533333,0.019,0.017,0.016
"2012Q1",0.0146778888888889,0.017,0.023,0.012,0.012,0.016,0.016,0.018,0.0143596666666667,0.016,0.013,0.01,0.019,0.01,0.019,0.011,0.014,0.0148529532523074,0.013,0.013,0.014,0.02,0.014,0.0158963214285714,0.0167262599206349,0.013,0.013,0.016,0.017,0.016484075113955,0.007,0.0196825,0.017,0.015,0.0174192817460317
"2012Q2",0.0110882817460317,0.002,0.012,0.009,-0.003,0.009,0.006,0.01,0.008,0,0,0.002,0.008,0.012,0.005,0.005,0.001,0.005,0.007,0.008,0.005,0.005,0.011,0.00539256349206349,0.00630984415584416,0.003,0.008,0.00617275235602857,0.01,0.00497459841805232,0.003,0.00858,0.01,0.006,0.00799721388888889
"2012Q3",0.009,-0.003,-0.008,-0.01,-0.002,0.003,0.011,0.003,0,-0.007,-7e-04,-0.00338127777777778,0.012,0.008,0.005,-0.001,-0.003,-0.001,-0.001,-0.002,0.006,0.004,-0.000772519841269841,0.00138959126984127,-0.00181906349206349,-0.014,-0.0071,-0.005,-0.005,-0.00120960476190476,-0.007,-2.17e-05,0.009,0.002,-0.004
"2012Q4",0.017,-0.003,0.00110454761904762,0,0.00227331746031746,0.003,0.011,0.001,0.002,-0.002,0.001,0.004,0.002,0.001,0,0.002,0,-0.005,0,0.000769646825396825,0.005,0.001,0.000246034632034632,0.000858821428571429,-0.00102319444444444,-0.004,-4e-04,0.001,0.001,-4.28497984641903e-05,-0.007,0.001311666667,3.33551587301584e-05,0.006,0.001
"2013Q1",0.00146625,-0.00175313888888889,0.000513329365079365,-0.002,0.00168776984126984,0.002,0,-0.001,0,-0.001,0.001,0.0025,0.01,0.00705659126984127,0.002,0.002,-0.002,-0.002,-0.0016,0.001,-0.002,0.001,0.002,0.00068343253968254,-0.000454650793650794,-0.0061636779143801,-0.001486574859,-0.002,-0.004,0.003,-0.001,0.001765,-0.003,0.001,-0.00394535079365079
"2013Q2",0.00356207142857143,0.001,0.008,-0.002,0.00114429761904762,0.002,0,0.007,-0.001,0.001,0.003,0.007,0,0.005,-0.002,0.001,-0.003,-0.005,-4e-04,-0.002,0.002,0.000647177489177489,0.006,0.00024572619047619,-0.0013845873015873,-0.005,-1.7056801e-05,-0.002,0,0.000514689682539683,-0.004,-0.0009925,0.012,0.002,-0.00322879206349206
"2013Q3",0.0028289126984127,0.006,0.00058393253968254,-0.003,0.00111686507936508,0.001,0,-0.002,0,0.001,-0.002,0.004,0.00295475512265512,0.01,0.005,-0.005,0.004,-0.003,-0.005,-0.003,0.003,-0.000303993145743146,0.000672158730158731,0.000963420634920635,-0.000970805555555556,-0.002,0.003471840524,-0.00150043672037302,0.002,0.000359157142857143,-0.007,-0.003958058824,-5e-04,0.002,-0.002
"2013Q4",0.008,0.005,0.00216179365079365,0.005,0.00603429761904762,0.002,0.008,0.004,0.003,-0.002,0.00124411625,0.005,-0.003,0.007,0.00424765476190476,0.003,0,0.002,-0.001,0.003,0.003,0.004,0.00295294336219336,0.00249137301587302,0.005,0.004,0.007,0.006,0.005,0.00140674206349206,-0.003,0.00383,0.005,0.003,0.00304851904761905
"2014Q1",0.0113377777777778,0.003,0.00636425396825397,0.003,0.018,0.005,0.004,0.00668687698412698,0.009,0.005,0.006,0.009,0,0.00970521428571428,0.00756077380952381,0.007,0.005,0.00604189732876472,0.0033,0.00728716666666667,0.003,0.006,0.015,0.00501607142857143,0.007,0.005,0.009396287545,0.007,0.008,0.00484470957794511,0.003,0.004254247997,0.007,0.005,0.006
"2014Q2",0.006,0.009,0.014,0.0104666014041344,0.007,0.01,0.013,0.011,0.01,0.005,0.010642689432,0.008,0.007,0.012,0.0103466865079365,0.009,0.007,0.009,0.006,0.01,0.011,0.004,0.0115725317460317,0.00783138095238095,0.009,0.008,0.010103343649,0.0100093007521389,0.009,0.00848484657295663,0.006,0.0095328609,0.012,0.008,0.009
"2014Q3",0.018,0.011,0.01,0.0127474558000756,0.008,0.016,0.014,0.013,0.011,0.01,0.011125763315,0.011,0.010944094047619,0.012,0.013730876984127,0.01,0.011,0.01,0.009,0.011,0.011,0.0141181637806638,0.012401223523167,0.0116400357142857,0.012,0.009,0.011832902873,0.011,0.010742463155,0.0113881483776752,0.01,0.01295,0.012,0.01,0.01
"2014Q4",0.016,0.013,0.011,0.0137397295294094,0.006,0.016,0.02,0.015,0.014,0.011,0.013,0.012,0.0127005047619048,0.005,0.0151121468253968,0.01,0.013,0.014,0.011,0.014,0.016,0.0142906558441558,0.015,0.0114328849206349,0.016,0.009,0.013657345261,0.013,0.012,0.0142754024862864,0.01,0.01195,0.014,0.011,0.0136621952380952
"2015Q1",0.0145145674603175,0.015,0.0139995009920635,0.016602280288,0.008,0.016,0.015,0.012,0.011,0.011,0.013820659885,0.012,0.012,0.0129719365079365,0.0160412936507936,0.01,0.011,0.012,0.011,0.016,0.017,0.0142941558441558,0.0142178558213723,0.0133686547619048,0.016,0.0114583253968254,0.013968121362,0.014,0.014,0.0151707272783085,0.01,0.0153,0.013,0.015,0.012
"2015Q2",0.011,0.00832065476190476,0.011260996031746,0.004,0.008,0.014,0.016,0.01,0.0100163968253968,0.008,0.013078394789,0.004,0.008,0.012,0.0120856706349206,0.006,0.005,0.01,0.009,0.013,0.008,0.013,0.0114445568565003,0.012,0.013,0.01,0.011416180986,0.011,0.014,0.00945838101354183,0.009,0.011447967538,0.0124,0.009,0.0107476456349206
"2015Q3",0.013,0.01,0.011,0.0127,0.01,0.012,0.008,0.01,0.01,0.008,0.010524472023,0.00982056944444444,0.01,0.013,0.0139709206349206,0.011,0.00959476617255555,0.012,0.013,0.015,0.013,0.013,0.0129107792219692,0.011,0.015,0.011,0.014345454229,0.012,0.015,0.008,0.009,0.011485,0.013,0.014,0.0128363333333333
"2015Q4",0.016,0.015,0.014,0.0065,0.0149646507936508,0.013,0.016,0.015,0.0168600912698413,0.013,0.016312229015,0.011,0.0158060531746032,0.016,0.0175585952380952,0.015,0.017,0.019,0.02,0.0171232301587302,0.023,0.014,0.0179239717327615,0.016,0.018,0.014,0.021325172751,0.018,0.018,0.024,0.017,0.018085,0.019,0.017,0.018
"2016Q1",0.0172450447330447,0.015,0.0170017668650794,0.0167946894559259,0.013,0.016,0.016,0.016,0.017,0.014,0.016550807877,0.0150873472222222,0.013,0.016,0.0185737380952381,0.016,0.017,0.018,0.021,0.02,0.022,0.016,0.0185346044953461,0.019,0.0183894313492063,0.014,0.021635581125,0.019,0.019,0.024,0.017,0.018235,0.02,0.018,0.017
"2016Q2",0.015,0.016,0.0165812569444444,0.0174216298513521,0.027,0.016,0.016,0.018,0.015,0.013,0.01558,0.0159610238095238,0.013,0.017,0.0175703015873016,0.013,0.012,0.017,0.016,0.018,0.015,0.017,0.017735325605947,0.018,0.018,0.0143956428571429,0.01852,0.0171438027799444,0.0177,0.023,0.017,0.018235,0.02,0.0175507301587302,0.017
"2016Q3",0.018,0.0160060634920635,0.016,0.017570405294038,0.0165541984126984,0.016,0.018,0.018,0.017,0.013,0.0165,0.015,0.014,0.017,0.0172485079365079,0.016,0.014,0.017,0.0151258333333333,0.018,0.016,0.019,0.0172792908036791,0.019,0.019,0.015,0.01927,0.018145,0.019,0.018,0.014,0.018245,0.019,0.016,0.016
"2016Q4",0.0165559047619048,0.014,0.016,0.02,0.016976380952381,0.016,0.017,0.018,0.0154160992063492,0.013,0.01617,0.016,0.014,0.017,0.0172960158730159,0.017,0.016,0.017,0.0137300079365079,0.02,0.014,0.015,0.0168700513549784,0.016,0.018,0.0133288214285714,0.0168509,0.01666,0.018083,0.018,0.014485,0.015495,0.011,0.013,0.018
"2017Q1",0.017,0.01,0.01,0.0132989387898065,0.0109584880952381,0.016,0.011,0.011,0.014,0.013,0.013175714749,0.013,0.014,0.018,0.0155353055555556,0.014,0.011,0.015,0.0108324333333333,0.019,0.0118649365079365,0.013,0.0135744982831471,0.015,0.015,0.0114112182539683,0.013934255019,0.0138418658755452,0.009200785675,0.014,0.008,0.016000677693,0.01,0.013,0.012
"2017Q2",0.014,0.011,0.0150207123015873,0.0128646834905921,0.005,0.013,0.012,0.015,0.014,0.015,0.012575624869,0.0130432678571429,0.014,0.018,0.0147732738095238,0.015,0.014,0.013,0.0109798888888889,0.016,0.01,0.014,0.0132231727824634,0.016,0.015,0.0118307857142857,0.014708312588,0.0148043759979937,0.011,0.014263196006,0.008,0.01418459099,0.013,0.012,0.016
"2017Q3",0.015,0.014,0.0166716378968254,0.0151997093057802,0.015,0.015,0.017,0.017,0.016,0.016,0.013536456448,0.015,0.014,0.016,0.01670625,0.017,0.014,0.015,0.0123790555555556,0.015,0.0141483611111111,0.016,0.0152795015365726,0.017,0.016,0.012,0.01589896596,0.0159147305666992,0.015,0.017,0.013095,0.01418459099,0.015,0.014,0.017
"2017Q4",0.016,0.015,0.01475,0.017,0.013,0.015,0.017,0.017,0.018,0.018,0.013069099353,0.0147666805555556,0.014,0.016,0.0168929325396825,0.018,0.016,0.018,0.012,0.015,0.016,0.016,0.0170145567848474,0.0172614722222222,0.0167385265873016,0.015,0.017129961434,0.018,0.017350910939,0.019076291696,0.015995,0.015049477111,0.016,0.016,0.017
"2018Q1",0.016,0.018,0.0174306031746032,0.0181213604,0.018,0.0175,0.02,0.02,0.021,0.019,0.016,0.016621001984127,0.014,0.017,0.018,0.021,0.018,0.018,0.016,0.014,0.017,0.0186791388888889,0.018,0.019,0.0172336376984127,0.016,0.018088557959,0.02,0.017725185055,0.018,0.018655,0.017694569148,0.018,0.017,0.02
"2018Q2",0.015,0.019,0.0175,0.017,0.029,0.02,0.02,0.0189321468253968,0.02,0.019,0.019,0.024,0.019,0.0189692420634921,0.018,0.018,0.0237,0.017,0.0161594563492064,0.017,0.019,0.0179964563492064,0.02,0.019,0.0043,0.018,0.018666635877,0.0203009972091746,0.019919848377,0.02,0.01918,0.020688073824,0.019,0.02,0.022
"2018Q3",0.024,0.023538503968254,0.017,0.02218,0.022,0.02,0.022,0.023,0.023,0.024,0.022,0.025,0.021,0.02,0.022,0.024,0.02158,0.02,0.018,0.019,0.025,0.021856253968254,0.024,0.021,0.02,0.022,0.020617239761,0.02,0.021,0.021,0.019,0.023520813333,0.022,0.021,0.024
"2018Q4",0.023,0.023,0.0191259206349206,0.02421585326,0.022,0.021,0.022,0.023,0.022,0.022,0.021,0.024,0.023,0.0215539206349206,0.023,0.02,0.01934,0.022,0.019,0.02,0.0213369880952381,0.022,0.024,0.021,0.021,0.02,0.020316173321,0.022616130428,0.023064475618,0.023,0.0207181761507937,0.019168036899,0.021,0.023,0.024
"2019Q1",0.0180041518759019,0.023,0.0171281031746032,0.0221816609,0.021,0.019,0.019,0.017,0.019,0.016,0.017861028682,0.019,0.018,0.0179852777777778,0.017,0.018,0.0177,0.019,0.014,0.019,0.017,0.02,0.02,0.019,0.012,0.017,0.016725711586,0.019,0.02,0.02,0.01918,0.016873467406,0.019,0.021,0.02
"2019Q2",0.018,0.019,0.016,0.019,0.0199102658730159,0.019,0.019,0.017,0.019,0.016,0.016363616813,0.018,0.018,0.0172957420634921,0.018,0.017,0.016,0.017,0.014,0.018,0.016790873015873,0.0182252817460317,0.018,0.018,0.019,0.016,0.017101592199,0.017,0.02,0.02,0.019,0.019983465406,0.019,0.021,0.018
"2019Q3",0.015,0.012,0.016,0.018118981688,0.023,0.016,0.015,0.014,0.016,0.015,0.012,0.017,0.014453553968254,0.016376880952381,0.015,0.013,0.0125,0.015,0.013,0.018,0.015,0.016,0.016,0.018,0.0175,0.015,0.015666686777,0.015,0.02,0.02,0.0155292595039683,0.016654232118,0.015,0.015,0.015
"2019Q4",0.011,0.015,0.0150230446428572,0.014,0.02,0.016,0.011,0.012,0.014,0.01,0.00989727217,0.017,0.0130377380952381,0.0125566150793651,0.014,0.012,0.0134,0.014,0.014,0.016,0.0131540793650794,0.0145919217171717,0.014,0.012,0.015,0.011,0.012966110642,0.014,0.014,0.017,0.0111713300396825,0.011670246038,0.014,0.015,0.015
"2020Q1",0.0124449920634921,0.0109788174603175,0.0127523531746032,0.012873566874,0.023,0.014,0.012,0.011,0.011,0.009,0.009,0.017,0.011962928968254,0.0113217857142857,0.013,0.0114516428571429,0.0086,0.014,0.006,0.015,0.009,0.0136660487012987,0.012,0.013,0.012,0.01,0.010840557655,0.013,0.015449957259,0.015,0.00886492343253968,0.012624704737,0.013,0.012,0.014
"2020Q2",0.011,0.005,0.01,0.011953068058,0.02,0.01,0.008,0.006,0.01,0.005,0.006702908125,0.016,0.00921448690476191,0.0103489126984127,0.008,0.006,0.00888,0.008,0.004,0.009,0.00748440476190476,0.00662894047619048,0.011,0.011,0.00762868650793651,0.006,0.006385828514,0.0086342098321631,0.008,0.008,0.00361075793650794,0.009456504696,0.01,0.009,0.011
"2020Q3",0.01,0.006,0.01,0.012000564564,0.02,0.012,0.008,0.013,0.012,0.009,0.00798,0.016,0.0112750388888889,0.013,0.0114207142857143,0.011,0.011,0.009,0.008,0.012,0.008,0.0118637312409812,0.011,0.012,0.012,0.007,0.008714606957,0.01,0.011236263139,0.011,0.00797227706349206,0.010288161762,0.012,0.009,0.013
"2020Q4",-0.03,-0.004,0.01,-0.0180983292970867,-0.006,-0.00480203968253968,-0.07,-0.03,-0.00763173015873016,-0.006,-0.043762031899,0,0.00228793170995671,0.015,0.000586519841269841,-0.047,-0.0554,-0.016,-0.00425661349206349,-0.00127387698412698,-0.00831777380952381,-0.00178573520923521,-0.04,0.00123016666666667,-0.00445661507936508,-0.038436765717,-0.00720984905737489,-0.00558324636514286,-0.00377452380952381,0,-0.012380626984127,-0.109452832,-0.022,-0.039,-0.04
"2021Q1",-0.0091706746031746,-0.01,0.006,-0.023,0.035,-0.00395794047619048,-0.01,-0.01,-0.00457511904761905,0.007,-0.057558238243,0.009,0.00306324004329004,0.00909407539682539,0.00339086904761905,-0.00796262301587301,-0.0127906657453596,-0.016,0.001,-0.000388031746031746,0.014,0.000669463203463203,-0.013,-0.018,-0.025,-0.007847782929,-0.010182135491,0.005,-0.012,-0.012,-0.0102162182539683,-0.080164,-0.062,-0.029,-0.021
"2021Q2",0.075,0.13,0.105,0.14296,0.0666295555555555,0.0275452003968254,0.13,0.13,0.13,0.15,0.1239,0.15,0.053,0.0289084206349206,0.0270187095959596,0.141,0.128861,0.14,0.034388503968254,0.0430005952380952,0.0261234563492064,0.0310421746031746,0.14,0.0379192976190476,0.133,0.0274829444444444,0.12694,0.0409849804209498,0.145,0.145,0.0302401031746032,0.109499984952,0.133,0.107,0.1317
"2021Q3",0.031,0.034,0.03,0.078144197522,0.027,0.021182755952381,0.008,0.02,0.03,0.033,0.037608837801,0.035,0.02,0.0227134404761905,0.0213707463924964,0.011,0.023521449618,0.024,0.014,0.0253748293650794,0.0209274087301587,0.022666873015873,0.042,0.023,0.02,0.0213137341269841,0.015558082799,0.026,0.019434560556,0.019,0.0234713954563492,0.039478944826,0.013,0.018,0.02
"2021Q4",0.055,0.05,0.044,0.055682080833,0.033,0.0272725337301587,0.037,0.045,0.041,0.049,0.060751575902,0.061,0.046,0.0280370992063492,0.0264392215007215,0.051,0.040904738382,0.044,0.036,0.046,0.0248381825396825,0.0304368055555556,0.011,0.032,0.046,0.0267123055555555,0.048879229318,0.05,0.041,0.041,0.0283719017460317,0.042600054496,0.0479875753968254,0.039,0.0492
"2022Q1",0.042,0.064,0.0424227698412698,0.064075349546,0.099,0.0275452003968254,0.044,0.057,0.063,0.065,0.082595803902,0.06,0.063,0.0289084206349206,0.0270187095959596,0.065,0.0500853504071424,0.06,0.048,0.064,0.0261234563492064,0.0310421746031746,0.04,0.059,0.0547856433333333,0.054,0.06618609006,0.06,0.0604,0.059656503968254,0.0302401031746032,0.0565159981983996,0.0512644642857143,0.052,0.0654
"2022Q2",0.04667575,0.03,0.037,0.04985279,0.087,0.0275152003968254,0.029,0.048,0.047,0.042,0.059639668,0.062,0.049,0.0288246706349206,0.0269554595959596,0.044,0.0452,0.052,0.044,0.051,0.0261234563492064,0.0308733174603175,0.04,0.045,0.05038,0.0274829444444444,0.05061688,0.05,0.057,0.057,0.0301387976190476,0.067291,0.0479683690476191,0.056,0.05
"2022Q3",0.044,0.031,0.027,0.03644668103,0.103,0.0269971448412698,0.029,0.03,0.027,0.029,0.028799361422,0.038,0.042,0.0279887658730159,0.0264860707070707,0.033,0.03126,0.029,0.032,0.0365169246031746,0.0258407063492064,0.0293985753968254,0.044,0.031,0.032,0.029,0.027920186234,0.0342646181024602,0.034,0.04,0.0294168111111111,0.037462155698,0.0423345277777778,0.023,0.035
"2022Q4",0.02,0.0212688968253968,0.006,0.032380846188,0.0180467222222222,0.0179037202380952,0.016,0.021,0.017,0.016,0.018195083571,0.011,0.027,0.0185683293650794,0.0173425238095238,0.025,0.011,0.0207,0.02,0.0177340595238095,0.0174940515873016,0.0170749246031746,0.03,0.022,0.007,0.014,0.001724892088,0.019,0.018,0.0181655658702089,0.0173757328968254,0.017688728295,0.0190374825396825,0.016,0.02
"2023Q1",0.013448630952381,0.00964140873015873,0.001,0.030330505142,0.005,0.0141352956349206,0.006,0.009,0.00996757539682539,0.008,0.023748216086,0.01,0.012,0.011139876984127,0.0120679325396825,0.012,0.00992238876223015,0.016727876076,0.019,0.0122203055555556,0.00908771825396826,0.0119218214285714,0.015,0.0102402142857143,0.013,0.008,0.00162464017,0.01,0.0095,0.0104820353959939,0.00867738267857143,-0.00228866844,0.00829452896825397,-0.001,0.012
"2023Q2",-0.015,-0.004,-0.02,-0.0137154138397909,0.017,-0.00262509920634921,-0.001,-0.00709122222222223,-0.00334994841269841,-0.012,-0.0288932374,-0.01,-0.01,0.00865730952380952,0.0025350753968254,-0.011,-0.0043895404,-0.0020717336,0,0.001,-0.00339082936507936,-0.00018150505050505,0.006,-0.005,-0.004,-0.00916121082879325,-0.0059193063,0.017,-0.003,-0.00207632619047619,-0.00891515476190476,-0.0275553277,-0.0133051821428571,-0.014,-0.002
"2023Q3",0.012,-0.00275636507936508,-0.005,-0.0110090581224625,0.015,0.003,0.003,0,-0.0030224126984127,-0.004,-0.01,-0.004,0.002,0.00799940079365079,0.00291184523809524,-0.002,-0.002,0.0006708468,0,0.005,-0.0021404880952381,-0.000351203463203463,-0.00248763095238095,0,-0.004,-0.003,-0.0043204338,-0.002,0,0,-0.00784518686868687,-0.0021958977,-0.00693543253968254,-0.011,0.006
"2023Q4",0.014,0.01,0.007,0.00811249998768255,0.018,0.00907879563492063,0.009,0.007,0.00727730158730159,-0.005,0.0045461998,0.003,0.009,0.00906942063492063,0.00827180555555555,0.005,0.005507458,0.0061559937,0.011,0.009,0.00582194444444444,0.00396599891774892,0.003,0.00353018253968254,0.005,0.005,0.00663074478026275,0.008,0.00654500140184206,0.0042,0.00135181630591631,0.0061875417,0.00536817063492063,0,0.014
"2024Q1",0.014,0.009,0.00875995238095238,0.012,0.003,0.013,0.00821075793650793,0.008,0.00985117063492064,0.004,0.002978707,0.003,0.011,0.0102833333333333,0.00982217063492064,0.009,0.011,0.0092067852,0.013,0.011,0.00789282936507936,0.00876265873015873,0.012,0.00902950793650793,0.009,0.007,0.0099158471,0.013,0.011,0.011,0.00718516291486292,0.0026837906,0.0103304349206349,0.008,0.011
"2024Q2",0.014,0.008,0,0.014,0.003,0.00893072023809524,0.002,0.009,0.00556761507936508,-0.001,0.0003507081,0.001,0.0113,0.00913723015873015,0.009,0.005,0.008,0.0054336794,0.01,0.007,0.00336864682539683,0.00386419047619048,0.007,0.007,0.005,0.004,0.0068735275,0.005,0.005,0.005,0.000709416801948052,0.0002871335,0.0055297876984127,0.002,0.0073
"2024Q3",0.02,0,0.006,0.014,0.005,0.016,0.005,0.006,0.00805754761904762,0.001,0.0025346981,-0.002,0.0124,0.00984978174603174,0.009,0.003,0.006238,0.004854982,0.012,0.00920001587301587,0.00644128968253968,0.00496044047619048,0.012,0.009,0.00788488888888888,0.007,0.0080571035,0.00653049471258095,0.009,0.0055791229881369,0.00305539277597403,-2.2319e-06,0.00742573611111111,0.005,0.0096
"2024Q4",0.017,0.003,0.008,0.014,-0.003,0.014,0.008,0.011,0.0107431190476191,0.004,0.0098325252,0.0055,0.0107,0.0109065753968254,0.008,0.01,0.00909510215690476,0.0091218068,0.012,0.009,0.00765998809523809,0.00995880266955267,0.013,0.01,0.01,0.01,0.0126301046,0.0132318428,0.014,0.014,0.0084937463474026,0.0092563794,0.0112273257936508,0.012,0.012
"2025Q1",0.016,0.0110031031746032,0.0127037579365079,0.015,-0.004,0.014,0.01,0.015,0.0117890873015873,0.007,0.016,0.01,0.0136,0.0119654206349206,0.009,0.014,0.01,0.0115273836,0.014,0.012,0.00959514682539682,0.0142787063492063,0.012,0.0127187222222222,0.015,0.011,0.0116774905388772,0.0127563191,0.016,0.016,0.0108546628553391,0.0112458915,0.0122748468253968,0.013,0.012
"2025Q2",0.0149225277777778,0.0146100714285714,0.0167063561507937,0.0148759569963509,0.0138393571428571,0.0158448988095238,0.0148625515873016,0.0163138015873016,0.0147744365079365,0.0149874007936508,0.0133266531595306,0.0145295277777778,0.0141215738095238,0.015747123015873,0.0169384920634921,0.0149503452380952,0.013429528968254,0.0146113535505673,0.0122811587301587,0.0158217142857143,0.0142469007936508,0.0153870753968254,0.0146774220366071,0.0156302777777778,0.016259821031746,0.0127487777777778,0.0148715393428274,0.0158023075002449,0.0158227244831796,0.0173164882657479,0.0126939724206349,0.015047536218448,0.014498496031746,0.0147149404761905,0.0163106785714286
"2025Q3",0.0149225277777778,0.0146100714285714,0.0167063561507937,0.0148759569963509,0.0138393571428571,0.0158448988095238,0.0148625515873016,0.0163138015873016,0.0147744365079365,0.0149874007936508,0.0133266531595306,0.0145295277777778,0.0141215738095238,0.015747123015873,0.0169384920634921,0.0149503452380952,0.013429528968254,0.0146113535505673,0.0122811587301587,0.0158217142857143,0.0142469007936508,0.0153870753968254,0.0146774220366071,0.0156302777777778,0.016259821031746,0.0127487777777778,0.0148715393428274,0.0158023075002449,0.0158227244831796,0.0173164882657479,0.0126939724206349,0.015047536218448,0.014498496031746,0.0147149404761905,0.0163106785714286
"2025Q4",0.0149225277777778,0.0146100714285714,0.0167063561507937,0.0148759569963509,0.0138393571428571,0.0158448988095238,0.0148625515873016,0.0163138015873016,0.0147744365079365,0.0149874007936508,0.0133266531595306,0.0145295277777778,0.0141215738095238,0.015747123015873,0.0169384920634921,0.0149503452380952,0.013429528968254,0.0146113535505673,0.0122811587301587,0.0158217142857143,0.0142469007936508,0.0153870753968254,0.0146774220366071,0.0156302777777778,0.016259821031746,0.0127487777777778,0.0148715393428274,0.0158023075002449,0.0158227244831796,0.0173164882657479,0.0126939724206349,0.015047536218448,0.014498496031746,0.0147149404761905,0.0163106785714286
"2026Q1",0.0149225277777778,0.0146100714285714,0.0167063561507937,0.0148759569963509,0.0138393571428571,0.0158448988095238,0.0148625515873016,0.0163138015873016,0.0147744365079365,0.0149874007936508,0.0133266531595306,0.0145295277777778,0.0141215738095238,0.015747123015873,0.0169384920634921,0.0149503452380952,0.013429528968254,0.0146113535505673,0.0122811587301587,0.0158217142857143,0.0142469007936508,0.0153870753968254,0.0146774220366071,0.0156302777777778,0.016259821031746,0.0127487777777778,0.0148715393428274,0.0158023075002449,0.0158227244831796,0.0173164882657479,0.0126939724206349,0.015047536218448,0.014498496031746,0.0147149404761905,0.0163106785714286
