,1999Q3,1999Q4,2000Q1,2000Q2,2000Q3,2000Q4,2001Q1,2001Q2,2001Q3,2001Q4,2002Q1,2002Q2,2002Q3,2002Q4,2003Q1,2003Q2,2003Q3,2003Q4,2004Q1,2004Q2,2004Q3,2004Q4,2005Q1,2005Q2,2005Q3,2005Q4,2006Q1,2006Q2,2006Q3,2006Q4,2007Q1,2007Q2,2007Q3,2007Q4,2008Q1,2008Q2,2008Q3,2008Q4,2009Q1,2009Q2,2009Q3,2009Q4,2010Q1,2010Q2,2010Q3,2010Q4,2011Q1,2011Q2,2011Q3,2011Q4,2012Q1,2012Q2,2012Q3,2012Q4,2013Q1,2013Q2,2013Q3,2013Q4,2014Q1,2014Q2,2014Q3,2014Q4,2015Q1,2015Q2,2015Q3,2015Q4,2016Q1,2016Q2,2016Q3,2016Q4,2017Q1,2017Q2,2017Q3,2017Q4,2018Q1,2018Q2,2018Q3,2018Q4,2019Q1,2019Q2,2019Q3,2019Q4,2020Q1,2020Q2,2020Q3,2020Q4,2021Q1,2021Q2,2021Q3,2021Q4,2022Q1,2022Q2,2022Q3,2022Q4,2023Q1,2023Q2,2023Q3,2023Q4,2024Q1,2024Q2,2024Q3,2024Q4,2025Q1,2025Q2,2025Q3,2025Q4,2026Q1,2026Q2
1,2.2,2.3,2.3,2.8,3,3.2,3.7,3,2.6,2.5,1.2,1.2,1.2,2.5,,1.4,1.4,,,1.5,1.5,1.8,,2,,1.9,1.9,,2,2.1,,2.1,1.9,2.5,,2.5,1.7,1.7,,-.2,-2.3,-2,-.2,.2,1,1.5,,1,,,,,.9,1.7,,,,.8,,.6,1.8,1.6,,1.1,1.3,1.6,,1.5,1.8,,1.7,1.4,1.5,1.6,1.6,1.5,2.4,2.3,,1.8,1.5,1.1,,1.1,1,-3,,7.5,3.1,5.5,4.2,,4.4,2,,-1.5,1.2,1.4,1.4,1.4,2,1.7,1.6,,,,,
2,2.3,2.5,,2.8,3,3.2,,3,2.5,2.4,,1.5,2,2.2,2.5,1.2,,,1,,2.2,2.5,,2.5,,2.4,,,2.2,2.3,,2.5,2.5,2.8,,2.7,2.5,2.1,,.4,-2.5,,,,1.5,1.5,,2,,1.9,,2,1.2,1,,1.1,.8,.8,,1.1,,1.1,,1.2,1.2,1.8,,2,1.8,,,,1.8,,2.1,2.4,2.7,2.2,2.2,2.1,1,1.6,,1.3,1.4,3,,6,3.5,4.2,,4.2,2.8,,,,,,,0.4,,1.25,,,,,,
3,1.8,2,2.1,2.4,2.9,3.2,3.1,,2.8,2.5,2,1.3,1.8,1.9,,1.7,1.6,.8,,2.2,,2.2,,,,1.7,,2.3,,2,,2.2,2.1,3,2.8,2.5,,,,,-.5,-1.5,,.8,,1.6,,1.8,1.5,2.1,,-.5,,,-1.5,-.5,.7,.4,,1.7,,1,,,,,,,,,,,,,,,,,,,,,,,,,,,,,,,,,,,,,,,,,,,,,,
4,2.5,3.1,,3.2,3.4,3.5,3.9,3.5,2.7,2.3,,1.3,1.4,2.7,3.2,1.4,1.6,.9,,1.5,2.1,2.1,2.2,2.4,2.1,2.1,,1.9,2.2,2.5,2.1,1.9,2.3,2.3,2.4,2.1,1.7,1.5,,0,-1.5,-1.5,,2.6,1.8,1.9,2.1,1.3,1.4,1.6,1.7,.2,-.3,-.3,,.1,.6,.5,.3,.9,1.1,1.3,1.5,,1,1.5,1.5,1.6,,1.4,1,1.1,1.4,1.5,1.8,1.9,,2.3,2.3,1.9,1.2,1.5,,.5,.6,-.4,-1,13,3.4,5,6.4,3,3.1,,,-0.4,,1,0.9,0.8,0,0.3,,,,,,
5,2,2,3.3,2.8,2.9,2.5,3.1,2.7,2.7,2.1,1.4,.8,,1.8,2.2,2.4,1.8,1.5,,1.8,,2.5,,2.4,1.8,1.8,1.8,1.9,1.8,2,2,2,1.8,2,,2.4,2.2,,1.4,.5,-2,-2.5,,1.2,,1.8,1.4,2,1.6,1.7,2.3,1.2,-.8,,,.8,,,,1.4,1,1.1,,,1.1,1.4,,,1.6,1.6,1,,,1.475,,1.75,1.7,,,1.6,1.6,,,1,1,1,.6,10.5,3,4.4,,3.7,2.7,.6,.1,-2,-0.5,0.7,,0,0.6,0.8,,,,,,
6,2.4,,,,,,,3.3,,,,,,,,,,,,,,,,,,,,,,,,,,,,,,,,,,,,,,,,,,,1.6,1,.1,.2,.5,.4,.1,.5,.5,.8,1,1.2,1.2,.8,1.5,1.6,1.5,1.4,1.5,1.3,1.5,1.5,1.7,1.7,1.8,2,2.4,2.4,2.4,2,1.6,1.6,1.3,1.3,.8,-2.1,-1.6,,3,5.1,6,4.8,2.7,2.1,1.7,0,0.2,0.8,0.8,0.5,0.3,0.9,1.4,,,,,
7,1.6,1.9,2.3,3,3.1,3.9,3.5,3.2,2.4,2.2,1.5,,1.5,3.2,,1.9,1.6,1.4,,1,2.2,2,2.2,1.5,1.8,1.9,,2.1,2.3,2.6,,2.3,2,2,2.5,2.7,1.5,1,.5,-.7,-2.7,-3.9,-1.4,1,1.4,1.4,.8,1.4,1.1,1.4,1.2,.9,-1,0,-.2,-.2,-.3,.5,.3,,,,1.6602280288,.4,1.27,.65,,,,2,,,,1.7,1.81213604,1.7,2.218,2.421585326,2.21816609,1.9,1.8118981688,1.4,1.2873566874,1.1953068058,1.2000564564,,-2.3,14.296,7.8144197522,5.5682080833,6.4075349546,4.985279,3.644668103,3.2380846188,3.0330505142,,,,1.2,1.4,1.4,1.4,1.5,,,,,
8,,,,,,,,,,,,,,,,,,,,,,,,,,,,,,,,,,2.2,2.6,2.3,,1.3,.7,.1,-2.1,-2.6,-.8,1,.9,1.1,1.3,1.1,1.3,1.6,1.6,.5,.5,.9,-.2,-.1,.2,.8,.7,.9,1.7,,,,,1.8,,1.8,,1.8,,,,,1.9,,,,,,,,,,.8,-8.4,,13.2,,3.7,,,3.1,,1,-0.3,,0.4,,0.4,,0.9,1,,,,,
9,1.7,1.8,2.1,2.6,3.4,3.3,3.5,3.2,2.6,2.5,,1.6,,2,1.7,,,1.5,1.3,,2,2,2.1,2.1,2.1,1.8,2.1,1.9,,2.4,1.7,2.1,,,2.25,2.1,,,,,,,,,,,,,,,,,,,,,,,,,,,,,,,,,,,,,,,,,,,,,,,,,,,,,,,,,,,,,,,,,,,,,,,,
10,1.6,,2.5,,,3.6,3.5,3.2,2.8,2.7,,1,,,2.88508827,1.7,1.86018769,,2.1149605,2.07994889,,2.08423702,,1.94321895,1.65396739,,,,1.84664539,2.59929602692741,2.44729914678231,2.00290457022939,2.4,2.42459776012919,2.45147782610334,2.21834550517161,,1.2,1.1,.3,-1.95,-3.11182052,,1.8623,1.7504,1.93344,.6,,,,,,,,,,,,,,,,,,,,,,,,.8,,1.4,,1.9,,,,2.2,,1.1,,.8,.5,.8,,,11.9,,,,,,1.8,,,,,,,,,,,,,,
11,2,2.8,2.1,2.7,3,,3.3,3.4,3.1,2.7,2.3,.5,3,3,2.7,0,.6,.7,.7,1.5,1.9,1.9,2,,,2.1,1.3,1.9,1.8,2.4,2.1,2.1,1.9,1.9,2.2,1.8,,,,,-.215,,,,1.9,,,,,,,,,,,,,,,,,,,,,,,,,,,,,,,,,,,,,,,,,,,,,,,,,,,,,,,,,,,,,,,
12,,,,,,,,,,,,,,,,,,,,,,,,,,,,,,,,,,,,,,,,,,,,,,,,,,,,,,,,,,,,,,,,,,,,,,,,,,,,,,,,,,,,,,,,,,,,,,,,,,,,,,,,,,,,
13,,,,,3.3,,,,,,,,,,,,,,,,,,,,,,,,,,,,,,,,,,,,,,,,,,,,,,,,,,,,,,,,,,,,,,,,,,,,,,,,,,,,,,,,,,,,,,,,,,,,,,,,,,,,,,,
14,2.3,2.5,2.7,2.8,3,3,3.3,2.7,2.5,1.8,1,,1.8,3,3,1.8,1.5,1.2,.7,1.2,1.8,1.8,2.2,2,1.8,1.8,1.6,1.4,2.2,2.4,,,2.5,,2.3,1.8,1.4,1.2,.8,-.3,-3.8,-4.3,.1,1,1,1.3,1.5,2,1.3,1.2,1.2,-.3,-.2,,,,,,1.8,.7,.8,.6,.8,.8,1,,1.3,2.7,,,,.5,1.5,1.3,1.8,2.9,2.2,2.2,2.1,,2.3,2,2.3,2,2,-.6,3.5,,2.7,3.3,9.9,8.7,10.3,,.5,1.7,1.5,1.8,0.3,0.3,0.5,-0.3,-0.4,,,,,
15,,,,,2.8,2.8,3,3,2.7,2.5,2.2,1.75,2.1,2.2,2.5,2,2.25,,1.5,1.75,2.25,2.5,2.3,2.3,2,1.75,,1.6,1.7,1.7,1.75,2.25,2.25,2.25,2.2,2.3,2,1.75,1.2,.5,-.25,-2.6,-1,1,1,1.3,1.5,1.5,1.5,1.6,1.6,.9,.3,.3,.2,.2,.1,.2,.5,1,1.6,1.6,1.6,1.4,1.2,1.3,1.6,1.6,1.6,1.6,1.6,1.3,1.5,1.5,1.75,2,2,2.1,1.9,1.9,1.6,1.6,1.4,1,1.2,,,,,,,,,,,,0.3,,1.3,,1.6,1.4,1.4,,,,,
16,2,2.7,2.7,3.4,2.9,3,,2.9,2.9,,,,1.4,2.3,,1.1,1.2,1.4,.6,1.5,1.8,1.8,1.2,1.2,1.8,1.6,1.8,1.5,1.7,1.7,1.7,1.7,1.8,2,2.3,2.3,2,1.2,.8,0,-2.3,-3,-.8,.8,1,1.3,1.6,1.5,1.5,1.5,1.6,.6,1.1,1.1,0,0,0,.8,.4,1.3,1.4,2,1.5,1.6,.8,1.6,1.6,1.6,1.8,1.7,1.1,1.2,1.7,1.7,2,2,2.2,2.2,1.9,1.9,1.5,1.1,1.2,.8,.8,-7,-1,13,.8,3.7,4.4,2.9,2.9,1.6,.6,-0.1,0.3,0.9,,0.2,0.5,0.8,1,,,,,
17,2.3,2.4,,,,3.5,3.3,3.3,3.4,2.6,,1.5,2,2.2,2,3,3,1.4,.9,1.6,2,2.2,2.2,2.1,2.1,1.9,2.1,,,,,,,,,,,,,,,,,,,,,,,,,,,,,,,,,,,,,,,,,,,,,,,,,,,,,,,,,,,,,,,,,,,,,,,,,,,,,,,,,
18,2,,,,,3.4,,,,,,,,,,,,,,,1,,,1.5,,,1.75,,2,2.25,,2.25,2.5,,2.75,,,,,,-.5,,,,1.6,,,,,,,,,,,,,,,,,,,,,,,,,,,,,,,,,,,,,,,,,,,,,,,,,,,,,,,,,,,,,,,
19,1.3,1.9,2.2,2.6,,3.2,3,3,2.8,2.3,2.1,2.1,,2.2,2.5,2.5,1.5,,1,1.5,,,2.2,2,2.3,1.8,2,1.7,1.9,,,1.5,1.9,1.5,2.4,1.9,,,.9,.4,,-3.1,-1.2,,,,,,,,,,,,,,,,,,,,,,,,,,,,,,,,,,,,,,,,,,,,,,,,,,,,,,,,,,,,,,,,,
20,1.9,1.8,2.2,,,3.3,3.6,3.1,2.5,,,,2.2,,,1.8,1.5,.8,2.2,1.3,2,1.3,2.5,1.7,2,1.5,1.7,1.8,2.2,2,2.2,2,2.3,2.4,2.6,2.3,1.7,,.7,-.2,-1.9,-2.8,-1,1.1,1.1,,1.7,1.8,1.9,1.9,1.8,1,.3,.1,-.1,.7,-.2,.4,,1.1,1.3,1.5,1.2,1,1,1.5,1.6,1.8,1.8,1.8,1.1,1.5,1.7,1.7,2,,2.3,2.3,1.7,1.7,1.4,1.2,1.1,.6,1.3,-3,-1,13,2,4.5,5.7,4.8,3,2.1,.9,,0,0.7,0.8,0.9,0.6,1.1,1.5,,,,,
21,,,,,,,,,,,,,,,,,,,,,,,,,,,,,,,,,,,,,,,,,,,,,,,,,,,,,,,,,,,,,,,,,,,,,,,,,,,,,,,,,,,,,,,,,,,,,,,,,,,,,,,,,,,,
22,,,,,,3.7,3.3,2.9,2.3,1.8,1.2,.9,.6,1.3,1.5,1.4,1.1,.8,,1.7,1.6,1.7,2.1,1.9,2,2,,1.6,2.1,2.3,2,1.9,1.8,2.1,2,1.9,1.7,1.2,,-.1,-2,-2.1,-.3,1,1.5,1.3,1.2,1.2,1.4,1.7,,.8,0,.2,0,-.1,0,.3,.9,1,1.1,1.4,1.1,,1,,1.7,1.5,1.7,,1.4,1.4,1.6,1.8,2.1,2,2.3,2.2,1.9,1.9,1.6,1.4,1.1,1,1.2,,,13,3,4.1,6.3,4.7,2.7,1.7,,,,,,,,,,,,,,
23,1.9,2.4,2.5,3.1,3.2,3.2,,3,2.6,2.5,1.8,,,,,,1.2,1.2,2.2,1.7,2,2.1,2.3,1.7,1.9,1.8,1.4,,1.7,2.2,2.2,1.8,1.6,1.6,2.2,1.9,1.4,1.2,.9,0,-2.9,-3.8,-.2,1.8,1.6,,1.6,1.3,1.5,1.7,1.6,0,-.7,-.2,-.1,.1,.1,-.2,.5,.5,1,1.1,1.1,.8,.8,1.3,1.4,1.3,1.3,1.3,1.3,1.5,1.6,1.8,1.9,1.9,2.4,2.2,1.6,1.6,1.5,1,.9,.5,.9,-.6,.7,15,3.3,4.9,6.5,4.2,2.9,1.6,.8,-1.2,-0.4,-0.5,0.4,-0.1,0.1,0.4,0.7,,,,,
24,2.1,2.6,,3.3,3.4,3.6,,3.6,3.1,2.4,1.5,.4,,2.2,2.3,1.5,1.6,1.7,1.6,1.8,1.8,1.8,2.2,2,2,1.8,1.3,1.1,1.6,2.1,1.9,1.4,1.7,1.8,1.9,1.8,,1.9,.7,0,-2.5,.5,-.44389813711222,,1.3,.9,1,1.3,.9,1.1,1.3,0,-.07,.1,.1,.3,-.2,.124411625,.6,1.0642689432,1.1125763315,1.3,1.3820659885,1.3078394789,1.0524472023,1.6312229015,1.6550807877,1.558,1.65,1.617,1.3175714749,1.2575624869,1.3536456448,1.3069099353,1.6,1.9,2.2,2.1,1.7861028682,1.6363616813,1.2,.989727217,.9,.6702908125,.798,-4.3762031899,-5.7558238243,12.39,3.7608837801,6.0751575902,8.2595803902,5.9639668,2.8799361422,1.8195083571,2.3748216086,-2.88932374,-1,0.45461998,0.2978707,0.03507081,0.25346981,0.98325252,1.6,,,,,
25,,,,,,,,,,,,,,,,,,,,,,,,,,,,,,,,,,,,,,,,,,,,,,,,,,,,,,,,,,,,,,,,,,,,,,,,,,,,,,,,,,,,,,,,,,,,,,,,,,,,,,,,,,,,
26,2,2.4,2.1,3.2,3.1,3.7,3.7,3.3,2.7,2.4,1.4,1,.9,3,2.7,.15,.6,.75,.8,1.5,1.9,2,1.9,2.2,1.9,2.1,1.8,1.9,2,2.6,2.3,2.2,2.2,2,2.2,.9,.9,.6,.1,.4,-3.5,-4.8,,,.2,,,2.1,2,1.2,1,.2,,.4,.25,.7,.4,.5,.9,.8,1.1,1.2,1.2,.4,,1.1,,,1.5,1.6,1.3,,1.5,,,2.4,2.5,2.4,1.9,1.8,1.7,1.7,1.7,1.6,1.6,0,.9,15,3.5,6.1,6,6.2,3.8,1.1,1,-1,-0.4,0.3,0.3,0.1,-0.2,0.55,1,,,,,
27,,,,,,,,,,,,,,,,,,,,,,,,,,,,,,,,,,,,,,,,,,,,,,,,,,,,,,,,,,,,,,,,,,,,,,,,,,,,,,,,,,,,,,,,,,,,,,,,,,,,,,,,,,,,
28,1.5,2.4,2.1,2.8,3.1,2.6,3.7,,,2.2,1.7,.2,1.2,2.2,2.2,1.7,,,,,3,2.8,2.4,1.9,1.5,1.8,1.2,1.7,,2.5,2.1,,2,,,2,1.3,1.4,1.1,,-2,,,,,,,,,,,,,,,,,,,,,,,,,,,,,,,,,,,,,,,,,,,,,,,,,,,,,,,,,,,,,,,,,,,
29,2,2.5,2.3,,3.1,,3,2.9,2.9,2.5,2.5,1.3,1.1,2.6,2.7,1.3,,1.1,1,1.5,1.8,1.9,2.3,2.5,2.2,,,,2.1,2.3,2.1,,,,,2.2,2.1,1.5,1.4,.6,.1,.2,.3,.8,.9,1.7,1.5,1.4,1.3,1.7,1.9,.8,1.2,.2,1,0,,-.3,0,.7,,,1.2,.8,1,,1.3,1.3,1.4,1.4,1.4,1.4,1.4,1.4,1.4,1.9,2.1,2.3,1.8,1.8,,,,,,,,5.3,2,4.6,6.3,4.9,4.2,2.7,1.2,-1,0.2,0.9,1.1,1.13,1.24,1.07,1.36,,,,,
30,,,,3.1,3.1,,,,,,,,,,2.5,,,,,,2.2,,,,,1.7,1.5,1.8,1.9,,2.3,2,2.2,2.1,2.8,,2,1.4,,,,,,,,,1.2,1.2,1.2,,1.7,.1,,.1,-.6,.2,.5,,,,.8,1.3,,1,,,1.6,,,,,,,,,2.1,2.5,2.2,2.5,2.5,,,,,,,,13.99,3.44,4.78,6.02,,,,,,,,1.14,,,1.37,1.72,,,,,
31,2.2,2.2,2.6,2.9,,3,3.4,2.9,2.8,2.2,1.9,1.1,1.1,2.3,2.7,1.5,1.4,.8,,1.6,2,1.5,1.7,1.9,1.7,1.7,1.3,1.4,1.9,2.4,2.1,,2,2.4,,2.1,2.2,,1,.2,,1,1.5,.5,.9,2.2,1,.8,1.6,1.6,1,1.2,.8,.1,,.5,1,.7,,1.2,1.2,.5,,1.2,1.3,1.6,1.6,1.7,1.7,1.7,1.8,1.8,1.6,1.6,1.7,,2,,,,,,,,1.3,1.5,,,,,,,,,,,,,,,,,,,,,,
32,2.2,2.4,2.4,2.7,2.8,3.1,3,2.9,2.5,2.3,2,1.8,1.8,2.9,3.4,1.9,1.5,1.2,.8,1.6,2.1,2.1,2.2,1.8,1.6,1.6,1.3,,2.3,,,2,2.4,,,2,1.6,1.4,1,-.2,-3.1,-.3,,,,,,,1,,,.3,-.25,,,,-.15,,,,,,,,,,,,1.8,1.7,,1.6,1.8,1.8,1.95,2.13,2.4,2.3,1.84,1.9,1.7,,,1.1,,-3.1,-1.1,14.4,,,6.8,,,2.6,,,0.4,1.24,1.36,1.2,,1.23,,,,,,
33,2,1.7,2.3,2.7,2.7,3,3,2.8,2.6,2.6,2.3,1.9,2.2,2.3,1.1,1.9,1.8,1.7,1,1.5,,1.8,1.8,2,1.7,1.8,1.5,1.6,2,2.2,1.8,2.6,2.2,2.6,,,2.1,1.8,1.6,,0,0,-.3,1.5,1,,1,1.4,2.1,1.7,1.9,.5,.5,0,.2,-.2,.5,,,,,,,,,,,,,,,,,,1.8,1.8,2.2,2.3,1.7,1.8,1.5,1.4,1.3,.8,,,,,,,,,,,,,,,,0.9,0.9,0.8,0.9,,,,,
34,2.3,2.3,2.4,,,3,,3,2.8,,,,,,,,,,,,,,,,,,,,,,,,,,,,,,,,,,,,,,,,,,,,,,,,,,,,,,,,,,,,,,,,,,,,,,,,,,,,,,,,,,,,,,,,,,,,,,,,,,,
35,2,,2.5,2.9,2.8,3,2.9,2.9,3.2,2.6,2.5,,2,2.4,2.4,2,1.6,1.6,1.5,1.7,2.1,1.8,2.1,2,1.9,1.8,1.7,1.7,1.9,2,1.8,,,,,,,,,,,,,,,,,,,,,,,,,,,,,,,,,,,,,,,,,,,,,,,,,,,,,,,,,,,,,,,,,,,,,,,,,,,,,
36,1.8,1.9,2.2,2.4,2.9,2.9,2.8,3,2.9,2.9,2.3,2,2.2,2.2,1.7,1.5,1.8,,1.2,1,,2.4,2,,2.4,2.1,,2.1,2.5,2.4,,2.7,2.7,2.7,2.5,,2.1,,,.4,-.8,,,,1.3,1.6,1,,2.1,,,.9,1.4,,1.6,,.9,,.5,,,,1.3,.8,1.3,1.3,,1.3,,,,,,,1.7,2,2.5,2,,2,1.8,1.5,,,,2,-5,8,,,,4,,,,-1,,,,,,,,,,,,
37,2.5,2.5,2.2,2.8,3.2,3.1,3.4,3.2,3.1,2.8,1.8,1,1.3,2,2.8,1.4,1.8,1.6,1,1.5,,2,2.1,1.8,2.2,2.3,1.8,2.2,1.9,2.2,2.1,2.1,2.1,2.1,2.1,2.5,,1.6,1.4,,-2.7,-2.3,.4,.9,1.1,1.2,1.5,1.7,1.2,1.5,1.1,.5,-.1,.2,.2,.1,-.5,.3,.7,.9,1,1,1,.6,1.1,1.5,1.6,1.3,1.6,1.7,1.4,1.5,1.7,1.8,2.1,1.8,2.4,2,1.8,1.7,1.3,1.2,,.6,1.1,-4.7,,14.1,1.1,5.1,6.5,4.4,3.3,2.5,1.2,-1.1,-0.2,0.5,0.9,0.5,0.3,1,1.4,,,,,
38,2,1.8,2.2,2.4,3,3.2,,2.9,2.7,2,,,,,,,,,,1.3,2,1.5,2.1,1.6,1.8,1.8,1.7,1.4,1.7,2.1,1.8,1.7,2,2,2.2,1.8,1.6,1.1,.8,-.5,-2.3,-2.5,-1.2,.9,1,1,1.2,1.9,1.2,,1.4,.1,-.3,0,-.2,-.3,.4,0,.5,.7,1.1,1.3,1.1,.5,,1.7,1.7,1.2,1.4,1.6,1.1,1.4,1.4,1.6,1.8,2.37,2.158,1.934,1.77,1.6,1.25,1.34,.86,.888,1.1,-5.54,,12.8861,2.3521449618,4.0904738382,,4.52,3.126,1.1,,-0.43895404,-0.2,0.5507458,1.1,0.8,0.6238,,1,,,,,
39,2.4,2.4,2.7,2.9,3.1,3.6,3.4,3.3,2.6,2.3,2,.9,1.5,3,2.6,,1.1,,.9,1.1,1.7,1.8,1.7,1.8,1.9,1.9,1.6,1.8,2.1,2.3,2.3,2.2,2.2,2.1,,2.1,2,1.2,,.4,-1.8,-2,-.6,1.1,.9,1.3,1.7,1.6,1.6,1.8,,.5,-.1,-.5,-.2,-.5,-.3,.2,,.9,1,1.4,1.2,1,1.2,1.9,1.8,1.7,1.7,1.7,1.5,1.3,1.5,1.8,1.8,1.7,2,2.2,1.9,1.7,1.5,1.4,1.4,.8,.9,-1.6,-1.6,14,2.4,4.4,6,5.2,2.9,2.07,1.6727876076,-0.20717336,0.06708468,0.61559937,0.92067852,0.54336794,0.4854982,0.91218068,1.15273836,,,,,
40,2.3,2.5,,2.4,3,3.2,,2.8,,,,1.4,1.5,,,,,,,,,1.7,,,,,,,,,,,,,,,,,,,,,,,,,,,,,,,,,,,,,,,,,,,,,,,,,,,,,,,,,,,,,,,,,,,,,,,,,,,,,,,,,,,,,,
41,,2.3,2.6,2.9,3,3.2,3.3,3.4,3,2.5,2.4,1.4,1.4,2.1,2.8,1.7,1.5,1.2,.8,1.4,2.1,1.7,2,2.1,1.8,1.9,1.6,1.6,1.8,1.9,2,2.1,,2.1,2.2,2,1.7,1.4,1.2,.2,-1.6,-2,-.7,.9,1.3,1.4,1.4,1.4,1.4,1.6,1.7,1.1,-.5,.8,,,,,,,,,,,,,,,,,,,,,,,,,,,,,,,,,,,,,,,,,,,,,,,,,,,,,,
42,,2,2.4,3.2,3,3.3,,2.7,2.5,2.5,1.9,.7,1.6,2.6,2.6,1.7,1.1,,1.485,1.6,2,2,2,1.9,1.5,1.8,,1.5,1.7,2,,,2,2.1,2.5,2.1,1.5,1.2,.8,-.3,-2.1,-2,-.2,1.4,1.6,1.4,,1.4,1.5,1.5,1.4,.3,,.2,,-.2,-.3,,,,1,,,,1,1.7,1.7,1.8,,,,,,,,,,,,,,,,,,,,,,,,,,,,,,,,,,,,,,,,
43,2.4,2.1,,,,,,,,,,,,,,,,,,,,,,,,,,,,,,,,,,,,,,,,,,,,,,,,,,,,,,,,,,,,,,,,,,,,,,,,,,,,,,,,,,,,,,,,,,,,,,,,,,,,,,,,,,
44,,,,,,,,,,,,,,,,,,,,,,,,,,,,,,,,,,,,,,,,,,,,,,,,,,,,,,,,,,,,,,,,,,,,,,,,,,,,,,,,,,,,,,,,,,,,,,,,,,,,,,,,,,,,
45,,,,,,,3.3,,,,,,,,,,,,,,,,,,,,,,,,,,,,,,,,,,,,,,,,,,,,,,,,,,,,,,,,,,,,,,,,,,,,,,,,,,,,,,,,,,,5.7,6.01,,,,1.85,-0.71,-0.23557723,0.47122169,,0.97564051,0.69453629,1.2,1.46005875,,,,,
46,2.02,.84,1.73,2.27,1.9,3.85,4.19,,,3.2,,,,,,,,,,,,,,,,,,,,,,,,,,,,,,,,,,,,,,,,,,,,,,,,,,,,,,,,,,,,,,,,,,,,,,,,,,,,,,,,,,,,,,,,,,,,,,,,,,
47,2,2,,2.9,3,,,,,,1.8,.6,1,1.9,2,1.3,1.3,.9,.8,1.3,1.6,1.5,1.3,1.3,1.4,1.7,1.1,1.3,1.7,2.3,1.9,1.5,1.4,1.7,2.3,2.6,1.5,1.2,.6,.2,-1.1,-1.6,.3,,.4,.9,.6,.7,.8,1.5,1.3,.7,-.1,0,-.16,-.04,-.5,-.1,.33,.6,.9,1.1,1.1,.9,1.3,2,2.1,1.6,,,,,,1.2,1.6,,1.8,1.9,1.4,1.4,1.3,1.4,.6,.4,.8,,.1,,1.4,3.6,4.8,4.4,3.2,2,1.9,0,0,1.1,1.3,1,1.2,1.2,1.4,,,,,
48,,2.5,2.6,,3.7,3.6,3.5,2.9,2.6,2.1,,1.5,2.1,2,2.4,1.6,,1,,1.4,,1.7,2.1,2.2,,1.9,2,,,,,2.1,2.1,2.4,2.6,2.7,2.6,1.8,2.2,.7,-.4,,-1.2,1,.2,1.1,1.3,1.6,1.5,1.3,1.3,.8,-.2,,.1,-.2,-.3,.3,,1,1.1,1.4,1.6,1.3,1.5,,2,1.8,1.8,2,1.9,1.6,1.5,1.5,1.4,1.7,1.9,2,1.9,1.8,1.8,1.6,1.5,.9,1.2,,,,,4.6,6.4,5.1,,,,0.1,0.5,0.9,1.1,0.7,,0.9,1.2,,,,,
49,,,,2.8,3.1,,,,2.5,2.1,1.7,,,2.2,,1.7,,,,2.3,3,,2.5,,1.5,,,1.7,,,,,,,,,,,,,,,,1.3,,,,,,2.1,1.6,,,-.6,,,-.2,.1,.5,,,,,.4,1,1.8,1.9,1.9,1.8,1.6,.9,1.3,1.4,1.4,1.5,1.8,2.2,2.5,2,1.9,,1.1,,,,,,14.3,3.6,5.8,6.87,5.2,3.5,,1.2,-0.8,0.2,0.6,0.8,0.9,0.9,1.3,1.5,,,,,
50,1.9,2,,,3.2,,,3.3,,,,1.3,1.3,2.2,,,,1.1,,1.4,2.1,1.9,,2.3,1.6,1.6,1.6,1.5,1.8,2.1,,,,,,,,,,,,,,1.4,,,,,,,,,,,,,,,,,,,,,,,,,,,,,,,,,,,,,,,,,,,,,,,,,,,,,,,,,,,,,,,,
51,,,,,,,,,,,,,,,,,,,,,,,,,,,,,,,,,,,,,,,,,,,,,,,,,,,,,,,,,,,,,,,,,,,,,,,,,,,,,,,,,,,,,,,,,,,,,,,,,,,,,,,,,,,,
52,2.5,,2.5,2.9,,,,3,,1.8,,,1,2.2,2.9,1.6,1.3,1.1,.6,1.4,,1.4,2,2.1,2.1,2.2,1.3,1.4,2,,,1.8,1.6,1.8,2.3,1.8,1.1,.9,.7,-.5,-2.9,-3,-.2,1.1,1.4,1,1.2,1.1,1.5,1.6,1.4,.5,.6,.5,-.2,.2,.3,.3,.3,1.1,1.1,1.6,1.7,.8,1.3,2.3,2.2,1.5,1.6,1.4,,1,,1.6,1.7,1.9,2.5,,1.7,,1.5,,.9,,.8,,1.4,,,,,,,,,,,,,,,,,,,,,
53,2.9,2.8,2.2,2.8,3,2.9,3.2,2.9,2.8,2.8,2,1,1.3,2.2,1.8,1.5,1.4,1.1,1,1.5,1.7,,,,,,,,,,,,,,,,,,,,,,,,,,,,,,,,,,,,,,,,,,,,,,,,,,,,,,,,,,,,,,,,,,,,,,,,,,,,,,,,,,,,,,,
54,,2.5,3,2.7,3.5,,3.8,3.5,2.7,2.7,2.3,1.5,1.2,2.2,2.2,.7,1.4,1.5,2,1.5,2,1.9,2.5,2,1.9,2.3,2.2,1.8,2,2.2,1.7,1.7,1.8,2.3,1.7,1.9,1.4,1.9,.7,0,,-1.8,-.3,1,1.1,1.3,1.4,2.1,,1.7,2,.5,.4,.1,.1,,,.4,.6,.4,,,,1.3,1.3,1.4,1.6,1.7,1.9,1.5,1.3,1.4,1.6,1.6,,,,2.2,2,,1.6,,,,,,,,,,,,,,,,,,,,,,,,,,,
55,2,2.4,2.6,3.6,2.9,3.6,3.2,3,2.4,,,,,,,,,,,,,,,,,,,,,,,,,,,,,,,,,,,,,,,,,,,,,,,,,,,,,,,,,,,,,,,,,,,,,,,,,,,,,,,,,,,,,,,,,,,,,,,,,,,
56,1.9,2.2,2.3,,,2.9,3.4,3,2.8,2.5,2.3,,1.9,2.6,3.2,2,1.5,1.2,1.2,1.3,1.6,1.7,1.9,1.9,1.6,1.8,,1.9,1.9,2.1,2.2,1.9,1.9,1.9,2.3,,1.8,,1.1,.3,-.8,-1.7,,,1,1.2,,1,1.3,1.7083448649,1.4,1.1,,,.2,.6,,,1.5,,,1.5,,,,,,,,,,,,,1.8,2,2.4,2.4,2,1.8,1.6,1.4,1.2,1.1,1.1,-4,-1.3,14,4.2,1.1,4,4,4.4,3,1.5,0.6,,0.3,1.2,0.7,1.2,1.3,1.2,,,,,
57,,,,,,,,,,,,,,2.8,,,1.7,,1.5,1.8,,2.1,,,,,,,,,,,,,,,,,,,,,,,,,,,,,,,,,,0,.5,.2,.2,.2,1.5,1.4,1.5,1.2,1,,1.7,1.7,1.8,1.7,1.5,,,,,,,,,,,,,1,1.2,,,,,,,,,,,,,,,,,,,,,,,
58,,,,,,,,,,,,,,,,,,,,,,,,,,,,,,,,,,,,,,,1,-.2,,,,,,,,,,,,,,,,,,,,,,,,1,,,,,,,,,,,,,,,,,,,,,,,,,,,,,,,,,,,,,,,,,,,,
59,2.2,2.3,2.3,2.8,,3.2,3.3,3.1,2.4,2.1,2,,1.6,,3.2,1.5,1.4,1.9,.9,2.1,2,2,,1.9,1.5,1.7,1.7,1.4,1.7,2.2,1.6,1.8,2,2.1,2.4,1.7,1.6,1,.3,-.2,,,,1.8,1.5,1.6,,,1.6,,,,,,,,,,,,,1.4,1.6,1.2,,1.6,,,,,,,,,,1.9,1.9,2.3,,,,,,,,,,,,,,,,,,,,,,,,,,,,,,
60,2,2.5,,,,,,3,,2.3,,,,2.3,2.7,2.4,1.7,1.6,1.5,1.9,1.8,2.1,2.1,2.1,2.1,1.9,2,2,2.1,2.5,2.5,2.2,2.2,2.2,2.5,2.2,1.8,1.8,.7,0,-1.2,-1.7,,,,,,,,,,,,,,,,,,,,,,,,,,,,,,,,,,,,,,,,,,,,,,,,,,,,,,,,,,,,,,,,,,
61,2,2.4,,2.8,3,3,,2.5,2.5,2.8,2,.8,1.3,,2.7,1.3,1.5,,,1.4,2.1,2.6,,2.5,1.8,,,1.6,2.2,2.4,2.3,2.3,1.8,1.8,2.4,1.9,1.5,1.4,1.2,,,,,.3,,1.7,,,,,,,,,,,,,,,,,,1.2,1.1,1.6,1.9,1.8,1.9,1.6,1.5,1.6,1.7,,1.9,1.9,2.1,2.1,1.9,1.8,1.8,1.2,1.3,1.1,1.2,,-1.8,,2.3,3.2,5.9,4.5,3.1,2.2,,-0.5,0,,,0.7,0.9,1,,,,,,
62,,,,,,,,,,,,,,,,,,,,,,,,,,,,,,,,,,2.1,,,,,,,,,,,,,,,,,,,,,,,,,,,,,,,,,,,,,,,,,,,,,,,,,,,,,,,,,,,,,,,,,,,,,,,,,,
63,2.2,,,,,,,,,,,.8,3.1,2.7,,,,1.7,1.5,,2,2.4,,1.7,1.7,2.1,1.8,1.9,1.6,2.1,1.3,2.1,1.9,,,1.7,1.4,1.1,.5,,,,.8,1.2,,,,,,,,,,,,,.1,,,,,1.3,1.3,1,,,,,1.6,1.7,,,,,,2,2.3,2.1,1.7,,,1.4,.9,,.8,-3.6,,11.7,.5,1.5,,4.4,2.9,.7,-.1,,-0.2,0.7,,0.2,0.5,0.9,,,,,,
64,2.2,2.5,2.6,3,3.2,3.2,3.2,3,,,,1.2,,2.8,,,,,,,,,,,,,,,,,,,,,,,,,,,,,,,,,,,,,,,,,,,,,,,,,,,,,,,,,,,,,,,,,,,,,,,,,,,,,,,,,,,,,,,,,,,,,,
65,1.9,1.9,2.8,2.8,3.4,,,,,,,,2.5,,,,,,,,2.2,,2,,,,,,,,1.6,,,,2.6,,,,,,-2.5,-.5,,.4,1.3,,,1.1,,,,,,,,,,,,,,,,,,,,1.9,,,,,,,,,,,,,,,,,1.1,,,13.6,,-1.22,,,,,,,,,,,0.3,0.9,,,,,,
66,,,,,3,,,,,,,,,2.8,2.5,,,,,,,,2.1,,,,,,,,,,,,,,,,,,,,,,,,,,,,,,,,,,,,,,,,,,,,,,,,,,,,,,,,,,,,,,,,,,,,,,,,,,,,,,,,,,,,,
67,2.3,2,2.2,2.2,2.8,3,3,3.3,,,,,,2,,2,1.7,1.7,,,,,,,,,,,,,,,,,,,,2.2,,,,,,,,,,,1.8,,,,,,,,,,,,,,,,,,,,,,,,,,,,,,,,,,,,,,,,,,,,,,,,,,,,,,,,,,,
68,2,,,,,,,,2.8,,2,1.2,,2.4,,2.5,1.6,1.8,,2,2.2,2.4,,2.2,2.2,2.1,,1.9,1.9,2.3,,2,2.1,2.1,,2.4,,,,1,-.8,,,.4,1.1,1.4,,1.3,,,,,,,,,,.5,.7,.9,1.2,1.6,1.6,1.3,1.5,1.8,,1.8,1.9,1.8,1.5,1.5,1.6,,,.43,2,2.1,1.2,1.9,1.75,1.5,1.2,,1.2,,-2.5,13.3,2,4.6,,5.038,3.2,.7,1.3,-0.4,-0.4,0.5,0.9,0.5,,1,1.5,,,,,
69,,,,,,,,,,,,,,,,,,,,,,,,,,,,,,,,,,,,,,,,,,,,,,,,,,,,,,,,,,,,,,,,,,,,,,,,,,,,,,,,,,,,,,,,,,,,,,,,,,,,,,,,,,,,
70,2.4,2.9,2.9,3.2,3.3,3,3.6,3,2.8,2.4,,,,2.1,,1,1.1,,,,1.7,1.8,2.1,,2.3,1.6,1.7,1.4,1.9,2.1,1.9,1.9,2.5,2.6,,,1.7,,.9,.4,-2.6,-2.9,-1.3,1.4,2,1.7,,1,1.5,1.8,,,,,,,,,,,,,,,,,,,,,,,,,,,,,,,,,,,1.1,,,,5.7,,,,,,,,,,,,,,,,,,,
71,1.1,1.9,,,3,4,3.3,3.2,,2.1,,1.3,,,2.3,1.9,1.6,1.2,1.1,,2.3,2.3,2.4,,,,,,,,,,,,,,,,,,,,,,,,,,,,,,,,,,,,,,,,,,,,,,,,,,,,,,,,,,,,,,,,,,,,,,,,,,,,,,,,,,,,,
72,1.4,1.8,2.4,2.6,3,3.1,3.2,3.1,,1.5,,-.2,.9,,,1.8,1.9,1.3,1,,,,2.2,,1.8,,1.2,,,2.2,,2.19,2.4,2.5,,,2,,1.2,.2,-2.3,-1.2,-1,,,,,,,,,,,,,,.5,,,,,,1.2,,,,1.6,,,,,,,,,,,,,,,,,,1.1,,0,,,,,,,,,,,,,,,,,,,,,
73,,,2.3,3,3.9,3.9,3.5,3.5,2.2,2.2,,,2,,,,,2,2,,,,,,,,,,,,,,,2.75,,,,,,,,,,,,,,,,,,,,,,,,,,,,,,,,,,1.5,1.8,1.6,,,,,,,,,,,,,,,1.4,-4.4,-6,,3.8,3.8,6.5,3.5,3.1,0,,,,,,,,,,,,,,
74,,,,,,,,,,,,,,,,,,,,,,,,,,,,,,,,,,,,,,,,,,,,,,,,,,,,,,,,,,,,,,,,,,,,,,,,,,,,,,,,,,,,,,,,,,,,,,,,,,,,,,,,,,,,
75,,,,,,,,,,,,,,,,,,,,,,,,,,,,,,,,,,,,,,,,,,,,,,,,,,,,,,,,,,,,,,,,,,,,,,,,,,,,,,,,,,,,,,,,,,,,,,,,,,,,,,,,,,,,
76,1.9,,2.6,3.4,3.6,,4.1,,,3,,1.2,1.8,2.9,2.8,2.4,1.7,1.2,1,1.5,1.7,1.7,1.7,1.7,1.6,1.5,1.1,,1.2,1.8,1.5,1.6,1.57317937858896,,,1.85278908074438,1.23829628989289,1.1,.5,,,,,,,,,,,,,,,,,,,,,,,,,,,,,,,,,,,,,,,,,,,,,,,,,,,,,,,,,,,,,,,,,,,,,
77,,,,,,,,,,,,,,,,,,,,,,,,,,,,,,,,,,,,,,,,,,,,,,,,,,,,,,,,,,,,,,,,,,,,,,,,,,,,,,,,,,,,,,,,,,,,,,,,,,,,,,,,,,,,
78,,,,,,,,,,,,,,,,,,,,,,,,,,,,,,,,,,,,,,,,,,,,,,,,,,,,,,,,,,,,,,,,,,,,,,,,,,,,,,,,,,,,,,,,,,,,,,,,,,,,,,,,,,,,
79,,,,,,,,,,,,,,,,,,,,,,,,,,,,,,,,,,,,,,,,,,,,,,,,,,,,,,,,,,,,,,,,,,,,,,,,,,,,,,,,,,,,,,,,,,,,,,,,,,,,,,,,,,,,
80,,,,,,,,,,2.3,2.5,1.7,1.6,2.3,2.4,2,1.4,1.2,.5,,2.2,2.25,2.0458,1.9694,1.8273,2.0959,1.89,1.99,1.7676,2.3585,2.0932,1.9,,2.1,,2.3,,,,,,,-.8,,,,,,,,,,,,,,,,,,,1.14,,,,,,,,,,,,,,,,,,,,,,,,,,,,,,,,,,,,,,,,,,,,,,
81,,,,,,,,,,,,,,,,,,,,,,,,,,,,,,,,,,,,,,,,,,,,,,,,,,,,,,,,,,,,,,,,,,,,,,,,,,,,,,,,,,,,,,,,,,,,,,,,,,,,,,,,,,,,
82,,,,,,,,,2.4,,,,,,,,,1.2,.6,1.3,1.8,1.6,1.7,1.5,1.3,1.5,.9,,1.8,1.9,1.5,1.6,1.4,1.7,2.5,1.9,1.4,1.1,.8,.2,-2.3,-2,-.4,.8,1.3,1.7,,1.1,,1.3,1.3,.3,-1.4,-.4,,-.5,-.2,.4,.5,.8,.9,.9,,1,1.1,1.4,1.4,,1.5,,,,1.2,1.5,1.6,1.8,2.2,2,1.7,1.6,1.5,1.1,1,.6,.7,-3.8436765717,-.7847782929,,,,5.4,,2.9,1.4,.8,,-0.3,0.5,0.7,0.4,0.7,1,1.1,,,,,
83,,,,,,,,,,,,,,,,,,,,,,,,,,,,,,,,,,,,,,,,,,,,,,,,,,,,,,,,,,,,,,,,,,,,,,,,,,,,,,,,,,,,,,,,,,,,,,,,,,,,,,,,,,,,
84,,,,,,,,,,,,,,,,,,,,,,,,,,,,,1.8,,,,,,,,,,,,,,,,,,,,,,,,,,,,,,,,,,,,,,,,,,,,,,,,,,,,,,,,,,,,,,,,,,,,,,,,0.6,,1.4,,,,,
85,2.1,1.9,2.3,2.5,2.2,3.6,3,2.5,2.1,2.2,2.3,2,1.6,2.2,2,1.6,1.2,1.1,.8,1.5,1.9,2.2,2,2,2,2.3,1.9,1.9,1.9,2.2,2.4,2.1,,,,1.9,,,,,-1.3,-2,-.6,,.4,,.9,1.1,1.5,,1.3,.8,-.71,-.04,-.1486574859,-.0017056801,.3471840524,.7,.9396287545,1.0103343649,1.1832902873,1.3657345261,1.3968121362,1.1416180986,1.4345454229,2.1325172751,2.1635581125,1.852,1.927,1.68509,1.3934255019,1.4708312588,1.589896596,1.7129961434,1.8088557959,1.8666635877,2.0617239761,2.0316173321,1.6725711586,1.7101592199,1.5666686777,1.2966110642,1.0840557655,.6385828514,.8714606957,,-1.0182135491,12.694,1.5558082799,4.8879229318,6.618609006,5.061688,2.7920186234,.1724892088,.162464017,-0.59193063,-0.43204338,,0.99158471,0.68735275,0.80571035,1.26301046,,,,,,
86,2.2,,,,,,,,,,,,,,,,,,,,,,,,,,,,,,,,,,,,,,,,,,,,,,,,,,,,,,,,,,,,,,,,,,,,,,,,,,,,,,,,,,,,,,,,,,,,,,,,,,,,,,,,,,,
87,2.3,2.5,2.3,3.2,3.3,3.3,3.5,3.1,2.8,2.4,2.1,1.1,1.6,2.5,2.74,1.9,1.6,1.2,1.3,,,,,,,,,,,,,,,,,,,,,,,,,,,,,,,,,,,,,,,,,,,,,,,,,,,,,,,,,,,,,,,,,,,,,,,,,,,,,,,,,,,,,,,,,
88,2,2.4,2.4,2.8,,,,,,,,,,,,,,,,2.3,2.4,2.5,2.3,,1.8,2,,1.5,1.5,2.3,,1.9,1.9,2.9,2.5,,2,1.4,.7,0,-2.2,-1.8,-.2,1.7,1.4,,1.6,,1.4,1.7,1.6,,-.5,.1,-.2,-.2,,.6,.7,,1.1,1.3,1.4,1.1,1.2,1.8,1.9,,1.8145,1.666,,,,1.8,2,,2,2.2616130428,1.9,1.7,1.5,1.4,1.3,,1,,.5,,2.6,5,6,5,,1.9,1,1.7,-0.2,0.8,1.3,0.5,,1.32318428,1.27563191,,,,,
89,2.1,1.9,,2.5,2.9,2.8,3.7,3.2,3,2.6,2.5,1.4,1.7,2.2,2.5,1.9,1.7,1.4,2.1,1.8,1.7,2.1,2.1,2,1.9,2,1.8,1.7,1.8,1.9,2.1,1.8,2,,2.3,2.1,2,1.4,1.3,0,-.5,,-.9,.7,1.2,1.4,1.6,1.4,1.4,1.4,1.7,1,-.5,.1,-.4,0,.2,.5,.8,.9,1.0742463155,1.2,1.4,1.4,1.5,1.8,1.9,1.77,1.9,1.8083,.9200785675,1.1,1.5,1.7350910939,1.7725185055,1.9919848377,2.1,2.3064475618,2,2,2,1.4,1.5449957259,.8,1.1236263139,,-1.2,14.5,1.9434560556,4.1,6.04,5.7,3.4,1.8,.95,-0.3,0,,1.1,0.5,0.9,1.4,1.6,,,,,
90,2,2,2.5,2.6,3,3.3,3.5,3.5,2.8,2.8,2.2,2.5,1.4,2.5,2.4,2,1.6,1.3,1,1.6,1.9,1.8,2,2,1.7,1.8,1.8,1.8,1.8,2,,,2.1,2.1,2.2,2,1.7,1.2,.5,-.1,-1.9,-2.1,-1.3,.6,.7,.7,.5,,1.8,1.7,,.4,,,,,,,,,,,.9,.8,.8,,,,,,,,,,,,,,,,,,,,1.2,-4.5,1.3,,3.25,4.4,5.8,5.2,3.7,,1.68,0.6,-0.4,,,,,0.9,,,,,,
91,2.5,,2.6,2.6,3.1,,,2.8,3.2,2.1,2,2,1.4,,2,1.6,2,1,1.8,1.8,1.8,1.5,1.7,1.2,2,,,,2,2.1,2.2,2.4,2.4,,3,,,,,,-1.6,,,1,,,,,,,,1,,,,,-.9,,.3,.7,.9,1.3,1.3,.6,,2.1,1.9,1.8,1.7,,1.8,,1.3,1.4,,,1.9,,1.8,,1.6,1.3,1.1,,1.35,,-.8,,,4.4,7.2,,3.6,,1.2,-0.5,,0.19,0.99,0.5,0.66,0.2,0.4,,,,,
92,2.5,1.96,,2.73,2.82,3.18,,3.07,2.68,2.78,2.9,2.6,3.2,2.9,2.1,2.4,1.85,2.1,1.2,1.9,1.9,2.03,1.3,2.2,2.1,1.7,2.3,1.6,,2.1,2,2.1,2.1,2.2,2.4,2.1,,,,,,,,,,,,,,,,1.1,.6,.5,.0817,-.0539595247,.2749950085,.7389394589,.4,1.0952284075,1.0398779471,1.5274619921,1.0963213644,1.2020058551,1.3219463896,1.7591,,1.925754,1.915,1.1112596,1.3099579443,1.5143501522,1.6558271882,,,,,,,,,,,,,,,,,,,,,,,,,,,,,,,,,,,
93,,,,,,,3.5,2.8,2.8,2.2,1.5,.5,2,2.5,2,2,1.8,1,1,1.5,1.7,2,2,2,1.8,1.9,,1.4,1.8,1.8,1.7,2,2,1.9,2.4,2.3,1.5,,,.4,-1.2,-2.4,-.1,,,,,,,,,,,,.3,,,,,,,,,,.8,2.4,2.4,2.3,1.8,1.8,1.4,1.4263196006,1.7,1.9076291696,1.8,2,2.1,2.3,2,2,2,1.7,1.5,.8,1.1,0,-1.2,14.5,1.9,4.1,,5.7,4,,,,0,0.42,1.1,0.5,,1.4,1.6,,,,,
94,1.8,2.4,2.4,2.9,3.1,3,3.4,3.4,2.6,1.1,2,1,2.4,2.5,2.9,2,1.7,1.98,1.5,2,2.3,1.8,2.4,2.2,2.2,,1.6,1.6,1.9,2,2,2.3,2.4,2.3,2.4,1.9,1.5,.9,.2,-1,-3.1,-2.3,-1,.2,1,1,.7,1,1.1,1.5,.7,.3,-.7,-.7,-.1,-.4,-.7,-.3,.3,.6,1,1,1,.9,.9,1.7,1.7,1.7,1.4,1.4485,.8,.8,1.3095,1.5995,1.8655,1.918,1.9,,1.918,1.9,,,,,,,,,,,,,,,,,,,,,,,,,,,,
95,1.9,2.1,2.4,2.8,3.3,3.4,3.3,3.3,2.7,,2.3,1,1.5,1.9,2,2,1.5,1.2,1.3,1.9,2.1,1.9,2.2,2.2,1.7,1.6,1.3,1.3,2,2.3,2.2,2,1.9,1.9,2.4,2.2,1.9,1.4,1.1,-.1,-2.3,-1.8,-.22,1.862486038,1.6092,1.6092,1.6434,1.35680425988568,1.3972205201,1.8813533333,1.96825,.858,-.00217,.1311666667,.1765,-.09925,-.3958058824,.383,.4254247997,.95328609,1.295,1.195,1.53,1.1447967538,1.1485,1.8085,1.8235,1.8235,1.8245,1.5495,1.6000677693,1.418459099,1.418459099,1.5049477111,1.7694569148,2.0688073824,2.3520813333,1.9168036899,1.6873467406,1.9983465406,1.6654232118,1.1670246038,1.2624704737,.9456504696,1.0288161762,-10.9452832,-8.0164,10.9499984952,3.9478944826,4.2600054496,,6.7291,3.7462155698,1.7688728295,-.228866844,-2.75553277,-0.21958977,0.61875417,0.26837906,0.02871335,-0.00022319,0.92563794,1.12458915,,,,,
96,,,,,,3.3,3.1,2.9,2.3,2,1.7,1.2,1.3,1.3,,1.5,1.2,1.7,1,1.5,2,1.9,2.3,2.3,2,2.2,1.6,1.5,1.8,1.9,2.2,2.2,,2.2,2.4,2.1,1.7,.8,.4,-.9,-2.4,-2.5,-.3,1.4,1.3,1.6,1.6,1.2,1.5,1.9,1.7,1,.9,,-.3,1.2,-.05,.5,.7,1.2,1.2,1.4,1.3,1.24,1.3,1.9,2,2,1.9,1.1,1,1.3,1.5,1.6,1.8,1.9,2.2,2.1,1.9,1.9,1.5,1.4,1.3,1,1.2,-2.2,-6.2,13.3,1.3,,,,,,,,,,,,,,,,,,,
97,,,,,,,,,,,,,,,,,,,,,1.8,1.7,1.9,1.9,1.8,1.8,1.3,1.7,1.9,2.1,2.3,2.1,2.3,2.2,2.4,2.6,1.5,1.4,.6,,-2.9,,.1,2.1,2.4,2.5,1.7,1,1.4,1.7,,,,,,,,,,,,,,,1.338671717,,,1.9,,,,,,1.5,1.7,,,2.2,1.7,1.5,1.5,1.3446648468,1.2,.9,1,-1.6,-.9,12.8,1.5,3.2,5.1,4.3,2.3,1.4,1.4,-0.2,-0.3,0.4,0.7,0.4,0.5,0.8,0.9,,,,,
98,,,,,,,,,,,,,,,,,,,,,,,2.1,1.7,,1.7,1.9,,,,,1.9,1.9,1.9,2,2.2,1.6,,1.1,0,-2,-2.8,-2,.6,1,1.5,1.6,1.3,1.4,1.7,1.5,.6,.2,.6,.1,.2,.2,.3,.5,.8,1,1.1,1.5,.9,1.4,1.7,1.8,,1.6,1.3,1.3,1.2,1.4,1.6,1.7,2,2.1,2.3,2.1,2.1,1.5,1.5,1.2,.9,.9,-3.9,-2.9,10.7,1.8,3.9,5.2,5.6,2.3,1.6,-.1,-1.4,-1.1,0,0.8,0.2,0.5,1.2,1.3,,,,,
99,,,,,,,,,,,,,,,,,,,,,,,2.1,1.8,2,1.9,,1.7,2.1,,2,2,2.3,2.3,2.5,2.1,1.8,1.7,,,-1.7,,.5,1.8,1.9,1.9,2,1.1,1.3,1.6,,,-.4,.1,,,-.2,,.6,.9,1,,1.2,,,1.8,1.7,1.7,1.6,1.8,1.2,1.6,1.7,1.7,2,2.2,2.4,2.4,2,1.8,1.5,1.5,1.4,1.1,1.3,-4,-2.1,13.17,2,4.92,6.54,5,3.5,2,1.2,-0.2,0.6,1.4,1.1,0.73,0.96,1.2,1.2,,,,,
100,,,,,,,,,,,,,,,,,,,,,,,,,,,,,2.1,2.5,1.9,2.1,2.1,2.2,2.4,,,1.9,1.4,.5,-2.3,,,,,,,,,,,,,,,,,,,,,,,,,,,,,,,,,,,,,,,,,,,,,,,,,,,,,,,,,,,,,,,,,,,
101,,,,,,,,,,,,,,,,,,,,,,,,,,,,,,,,,,,,,,1.4,.9,,0,-.4,1,2.4,2,1.5,1.5,1.3,1.6,1.5,1.4,1.2,,,0,,,.4,.8386212883,.6618744483,1,1.2,,1.2,1.5,2.1,1.5,1.5,1.7,1.7,1.2,1.5,1.4,1.6,1.7,1.8,2.2,2,1.8,1.7,1.6,1.1,1.2,1.1,1.1,-2,,14.2,1.7,3.4,5.8,,2.7,.9,,-0.2,-0.9,,0.6,,0.6,0.8,,,,,,
102,,,,,,,,,,,,,,,,,,,,,,,,,,,,,,,,,,,,,,.8,-.4,,,-1.9,,1,1.1,1,1.2,1.1,1.3,1.26,1.4,1.1,-.3,-.24,,,,,.1,,.62,,,.9,1.6,,,1.6,1.6,1.4,1.3,1.4,1.4,1.6,1.5,1.5,,,1.1,2.1,,1.6,1.5,1.1,.9,.4,1.7,,1.2,3.9,4.1,4.4,.7,1.9952981424,,0.8,0.8,1.2,1.4,1,0.1,1.1,1.5,,,,,
103,,,,,,,,,,,,,,,,,,,,,,,,,,,,,,,,,,,,,,1.8,1,.6,-1.5,-.3,1.8,2.5,,,2.2,1.6,1.4,,,,.6,1,.9,.8,.35,1,1.4,1.5,1.6,1.8,1.7,,1.4,1.8,1.8,1.3,1.8,1.9,1.2,1.5,1.7,1.8,1.7,1.8,2.1,1.9,1.8,1.9,1.5,1.2,,,,,,,,,,,,,1.2,,,,0.84980802,0.7,1,1.3,1.2,,,,,
104,,,,,,,,,,,,,,,,,,,,,,,,,,,,,,,,,,,,,,1.3,1.3,.2,,,-.5,1.6,,,1.6,1.4,1.6,1.5,1.7,.7,-.4,0,.1,0,.1,.5,,,,,,,,,,,,,,,,,,,,,,,,,,,,,,,,,,,3.7,1.9,1,,,,,,,,,,,,,
105,,,,,,,,,,,,,,,,,,,,,,,,,,,,,,,,,,,,,,1,,,-1.84,,-1.1,,1.68,.98,1.2,1.2,1.3,1.3,1.4,.8,,.1,-.2,.2,.5,.2,,,1.1,1.5,1.3,,1.3,1.3,,,1.6,1.3,1.5,1.6,1.7,,,,,,,,,,,,1.1,-4.5,-1,13,2.5,4.4,4.8,4.1,,,,,,,,,,,,,,,,
106,,,,,,,,,,,,,,,,,,,,,,,,,,,,,,,,,,,,,,,,,,,-.1,2.5,,1.7,1.9,,1.7,1.2,,1.3,.4,,.4,,.3,.4,,,,,,,,,,,,,,,,,,,,,,,,,,,,,,,,,,,,,,,,,,,,,,,,,,
107,,,,,,,,,,,,,,,,,,,,,,,,,,,,,,,,,,,,,,1.2,.887255536225127,.797703315273149,-.475331578486,-1.8,-.476,.8456,2.19597223752308,1.6939,1.7227,1.62900257,1.5794260477,1.8153751311,1.2743007834,.6515089615,.4,.3986945845,.3246718135,.6795137932,.1402341701,.2502787283,.5239310097,.7639139115,1.3987093575,1.3628325734,,1.220893657,1.6036651349,2.1104594922,,1.9803556,,2.01889,,1.7288286839,1.7694112866,,2.1537596,1.9521049871,2.0678567657,2.220597999,2.0172721798,,1.684439,1.1975294065,1.21888,1.0193149891,.9722898335,-7.0614595904,-1.7089087102,14.046,1.9384155251,3.9,6.2537966557,6.76701,2.1964483408,1.9156745118,.4678520221,-0.7885306,0.49859465,0.42,1,1.04102679,0.91965405,1.05131223,1.54389305,,,,,
108,,,,,,,,,,,,,,,,,,,,,,,,,,,,,,,,,,,,,,1.1,.5,1.2618,-1.6,-1.4732,-.9,.3,0,1.2731,.7,.504634,,1.597849,1.04,.979642,1.118923612,.5432883626,.800191,.277737,.186523,.1931393912,.534343,,.768072,,1.6879658788,1.75997,,1.4,,,,,,,2.01,2.1152940001,2.0161954587,2.2,2.1,1.94066,2.21199,1.83461,1.67427,1.43971,1.16912,,.8988634373,-7.5,,,4.47285,8.1266764,,,,,-1.10029,,-1.38798231,2.26097718,,3.6073,0.45558,,-1.15862,,,,,
109,,,,,,,,,,,,,,,,,,,,,,,,,,,,,,,,,,,,,,,,,,,,,,1.2,1.5660537806182,.9,1.1,1.9,1.6,-.2,-.6,.2,,,,,,,,,,,,,,,,,,,,,,1.2,,,,,,,,,1.5,,-.1,11.4575,3.2,,7.4,5.8,4,,,,,,,0.7,,1.3,1.3,,,,,
110,,,,,,,,,,,,,,,,,,,,,,,,,,,,,,,,,,,,,,,,,,,,,,,,1.2,1.2,1.7,1.4,.6,0,0,-.3,-.4,-.2,.4,.1,.7,.4,1.3,.4,1.1,,1.5,1.6,1.6,1.5,1.4,1.4,1.4,1.4,1.7,1.7,2,2,.5,1.85,1.75,1.6429390616,1.3247788217,1.3247788217,1.1502248425,1.1502248425,.7,3.4,,3.3,.68,,,.65,2.9,.7020500563,0.49695733,0.45528174,0.37,1.6,1.23658446,1.19,1.6,1.57,,,,,
111,,,,,,,,,,,,,,,,,,,,,,,,,,,,,,,,,,,,,,,,,,,,,,,,,,,,,,,,,,,,,,,,,,,,,,,,,1.6,,,,,,,,,,,,,,,,,,,,,,,,,,,,,,,,,,,
112,,,,,,,,,,,,,,,,,,,,,,,,,,,,,,,,,,,,,,,,,,,,,,,,,,,1.8,1.9,0,.8,1.2,.2,.9,.8,1.5,2,1.8,1.7,1.7,1.4,1.4,1.8,1.8,2.1,2.1,1.7,1.5,1.5,1.9,1.9,2.2,2.4,2.6,2.9,2.6,1.7,1.6,1.4,1.3,1,1.6,-1.9,-.2,12.3,1.9,5,6,5.1,5.1,.5,.2,-1.5,-1,0.5,0.8,0.6,,1,1.1,,,,,
113,,,,,,,,,,,,,,,,,,,,,,,,,,,,,,,,,,,,,,,,,,,,,,,,,,,,,,,,,-1,,.2,.2,.8,,,,,,,,,,,,,,,,,2.7,,,,,,,,,,,,,,,,,,,,,,,,,,,,,,
114,,,,,,,,,,,,,,,,,,,,,,,,,,,,,,,,,,,,,,,,,,,,,,,,,,,,,,,,,,,,,,,1,1,1.1,2.4,2.2,2.1,1.8,,1.3,,1.6,1.5,1.7,1.8,,,1.9,1.8,1.3,1.4,1.2,1,1.1,-4.3,.5,14.7,1.5,,6.4,5.4,4.2,2.1,1.6,0.8,0.4,1,0.7,0.2,0.5,0.8,,,,,,
115,,,,,,,,,,,,,,,,,,,,,,,,,,,,,,,,,,,,,,,,,,,,,,,,,,,,,,,,,,,,,,,1.3,1.3,1.4,1.9,1.9,1.9,1.9,1.5,,1.2,1.3,1.2,,1.7,2.3,2.3,2.1,1.8,1.7,1.2,1.3,.7,.8,-4.6,-.4,14.8,3.1,5.9,7.5,6.4,3.3328244596,1.97,.7,0.4,0,0.7,0.863,0.6,0.66159769,0.86263942,1.1,,,,,
116,,,,,,,,,,,,,,,,,,,,,,,,,,,,,,,,,,,,,,,,,,,,,,,,,,,,,,,,,,,,,,,,,,2,2,1.8,,,,,2.1,2.2,1.9,,2.6,2.5,,2,1.1,1.5,1.1,.8,1.26,,,,2.7,,6.7,,2.9,1.8,,-0.7,-0.5,0.5,,,,,,,,,,
117,,,,,,,,,,,,,,,,,,,,,,,,,,,,,,,,,,,,,,,,,,,,,,,,,,,,,,,,,,,,,,,,,,,,,,,,,,,,,,,,,,,,,.4,-4.3,-2.4,16.6,3.3,2.9,5.6,5.3,2.4,,.7,-2,,-0.7,-0.4,-0.3,0.1,0.6,1.2,,,,,
118,,,,,,,,,,,,,,,,,,,,,,,,,,,,,,,,,,,,,,,,,,,,,,,,,,,,,,,,,,,,,,,,,,,,,,,,,,,1.7,1.7,,1.87,,1.7,,,,,1.1,,-2.4,,2,,6.3,.7,3.32,,1.6,-0.7,,0.62,0.66231756,0.5962823,0.8,1.08,1.23,,,,,
119,,,,,,,,,,,,,,,,,,,,,,,,,,,,,,,,,,,,,,,,,,,,,,,,,,,,,,,,,,,,,,,,,,,,,,,,,,,1.7,,,,,,,,,,1,.7,.7,,,,,,,,,,,,0.6,,0.2,,1.2,,,,,
120,,,,,,,,,,,,,,,,,,,,,,,,,,,,,,,,,,,,,,,,,,,,,,,,,,,,,,,,,,,,,,,,,,,,,,,,,,,,,,,,,,,,,,,,,,,,,,,,,,,,,,,,,,,,
121,,,,,,,,,,,,,,,,,,,,,,,,,,,,,,,,,,,,,,,,,,,,,,,,,,,,,,,,,,,,,,,,,,,,,,,,,,,,,,,,,,,,1.124613719,1.06,-.1,1.8,12.9,3.1,5.9923674562,7.6,5.84444,3.9,1.9292477486,1.9371355345,-0.07285101,0.43308634,1.12414903,0.81151159,0.49953281,0.49953281,0.45223975,1.24969136,,,,,
122,,,,,,,,,,,,,,,,,,,,,,,,,,,,,,,,,,,,,,,,,,,,,,,,,,,,,,,,,,,,,,,,,,,,,,,,,,,,,,,,,,,,,,,,,,,,,,,,,,,,,,,,,,,,
123,,,,,,,,,,,,,,,,,,,,,,,,,,,,,,,,,,,,,,,,,,,,,,,,,,,,,,,,,,,,,,,,,,,,,,,,,,,,,,,,,,,,,,,,,,,,,,,,,,,,,,,,,,,,
124,,,,,,,,,,,,,,,,,,,,,,,,,,,,,,,,,,,,,,,,,,,,,,,,,,,,,,,,,,,,,,,,,,,,,,,,,,,,,,,,,,,,,,,,,,,,,,,,,,,,,,,,,,,,
125,,,,,,,,,,,,,,,,,,,,,,,,,,,,,,,,,,,,,,,,,,,,,,,,,,,,,,,,,,,,,,,,,,,,,,,,,,,,,,,,,,,,,,,,,,,,,,,,,,,,,,,,,,,,
126,,,,,,,,,,,,,,,,,,,,,,,,,,,,,,,,,,,,,,,,,,,,,,,,,,,,,,,,,,,,,,,,,,,,,,,,,,,,,,,,,,,,,,,,,,,,,,,,,,,,,,,,,,,,
127,,,,,,,,,,,,,,,,,,,,,,,,,,,,,,,,,,,,,,,,,,,,,,,,,,,,,,,,,,,,,,,,,,,,,,,,,,,,,,,,,1.6,1.6,1,1,1.2,,-1.4,,2.1,2.1,6.3,6,3.9,2.9,.6,-1.7,-0.5,0,0,0,,1.2,1.2,,,,,
128,,,,,,,,,,,,,,,,,,,,,,,,,,,,,,,,,,,,,,,,,,,,,,,,,,,,,,,,,,,,,,,,,,,,,,,,,,,,,,,,,1.5,1.5,1.3,1.2,1.3,-2,0,12,3,5,5,2,3.5,3,2.5,0.5,0,0.7,1.4,0.9,1,1.2,1.8,,,,,
